time,center_node,eff_dist_mean,eff_dist_90,graph_radius_90,proton_id,proton_score,electron_id,electron_score,photon_id,photon_score,graph_dist_pe
0.9999999999999999,24,108.78322970487876,134.4857770654495,1.0,78,4.59745381603611,78,5.7960892826892465,76,5.5475634809657155,0
2.0000000000000004,59,108.82348352371827,136.9470359470901,1.0,78,4.413490851256001,78,5.357096681526315,59,6.022766545635702,0
3.0000000000000013,22,108.77851684398517,138.86468481344673,1.0,78,5.293975586710824,78,4.723587846093366,59,5.515873657941789,0
4.000000000000002,93,107.067490296749,135.23653158452242,1.0,78,4.703360159416437,66,5.2313138630241705,93,5.511568034052877,1
4.999999999999998,22,109.47678393515899,140.52585227102418,1.0,78,4.395854304358601,66,5.847989962241256,93,5.631884325682375,1
5.999999999999995,22,109.3865007037377,139.6866705324232,1.0,78,3.8269466460176824,66,5.9171841788294595,15,5.6144446513518735,1
6.999999999999991,22,109.45439793711543,139.6866705324232,1.0,92,2.8818015993582153,35,5.512602242817831,93,5.5638315188049745,1
7.999999999999988,85,110.92344422844813,139.38054148753457,1.0,92,3.314898801742253,35,6.017716725091239,93,5.293771877370756,1
8.999999999999984,85,110.35459236661495,140.9678236716036,1.0,65,3.049527239092966,35,6.129578409410899,99,5.711140768575164,1
9.99999999999998,1,111.58885244270526,137.3840463565077,1.0,95,3.4831515783298768,35,6.32481925307453,99,6.041402362356608,1
10.999999999999977,99,110.86872462216058,137.4938042091668,1.0,40,3.146472536791096,35,6.564395712794191,99,6.315955959681339,1
11.999999999999973,1,113.62146974872644,138.98819858238187,1.0,95,3.8993463035026728,35,6.841165593391704,1,6.190568073017964,1
12.99999999999997,1,114.97835991669041,141.2899902778494,1.0,95,3.432599014196534,35,6.964512843054527,1,6.095456672320122,1
13.999999999999966,99,113.07448759515792,140.31782311836915,1.0,95,3.3374086707243573,35,6.866441902873814,1,5.912140126163828,1
14.999999999999963,1,117.83310998805158,142.28316804803484,1.0,4,4.334786096409396,35,6.715618065100371,1,5.27039391367307,1
15.99999999999996,4,116.95594872658808,146.25502108388028,1.0,4,4.525386092969539,35,6.143273925487203,1,4.783173655410803,1
16.99999999999997,4,118.02533219446629,147.65864340732486,1.0,4,4.978470666230521,35,5.541420143592037,28,4.535799221066011,1
17.999999999999986,1,119.84523858040914,143.8995685594946,1.0,26,5.636996110515385,23,5.878802756710077,24,4.978285063359262,1
19.0,1,118.24414428821093,141.37764248373782,1.0,26,5.319072206628972,23,6.2091203543284195,24,5.510241357183625,1
20.000000000000014,1,120.36954809850516,145.8877946618769,1.0,26,4.678129943135694,23,6.268594122951401,24,5.364437605190949,1
21.00000000000003,113,118.853489086389,146.8097571441288,1.0,113,5.193595403829799,23,5.961623841621693,1,6.102182232324489,1
22.000000000000043,113,119.9078058672439,147.16084148516958,1.0,113,5.176057323906211,0,6.010610276192368,1,6.473568372103606,1
23.000000000000057,113,119.25492079475612,146.5816669196302,1.0,113,5.862642625240125,0,6.332162709844595,1,6.602270690342129,1
24.00000000000007,1,120.46739933294423,145.57235786964355,1.0,113,5.327327201481425,0,6.5489191674696094,1,6.768285396917051,1
25.000000000000085,24,122.1674020896533,145.42723890669765,1.0,24,5.542783565778546,0,6.747829521390477,1,6.066151496062769,1
26.0000000000001,1,123.26420872029077,146.67131926186104,1.0,1,3.9978546365032077,0,7.024504088649854,1,6.321270339589271,1
27.000000000000114,1,123.17399687543737,146.03254079473197,1.0,24,4.71121229288072,0,7.002758861924011,1,6.319071911070486,1
28.000000000000128,1,124.31436061469597,146.788805965223,1.0,1,3.942499887827438,0,6.537380050098819,1,6.438469066703452,1
29.000000000000142,61,124.49666989929925,149.62666101981287,1.0,61,5.424330202114548,0,5.511329072179356,1,5.424170644593557,1
30.000000000000156,87,125.52578618152975,152.84332910455214,1.0,102,4.838244652114101,123,4.7273195784277755,87,6.700131314659022,1
31.00000000000017,87,125.37331627533767,152.84332910455214,1.0,102,4.4661980599403055,109,5.352450433379795,87,6.852316969933291,1
32.000000000000185,102,126.15012706320353,147.86304832170833,1.0,102,5.232990526890261,109,5.580779284410121,87,6.29752874668875,1
33.0000000000002,102,125.58605747836347,145.75809990198314,1.0,102,5.718924347581769,109,5.697770987483544,87,5.198377383447352,1
34.00000000000021,102,126.27624157998615,147.86304832170833,1.0,102,5.170694803903912,109,5.548679063535506,112,4.60427079104633,1
35.00000000000023,72,127.08446417548733,151.11706723172645,1.0,72,4.009095641551469,109,4.945310380085823,112,5.308514937065575,1
36.00000000000024,72,127.2472370698125,151.11706723172645,1.0,102,3.5794707849688985,25,4.6488887618393795,112,5.445589109412448,1
37.000000000000256,72,126.27315649741483,146.3713128422787,1.0,72,4.430192644141803,25,4.5652460798508905,112,5.490546330581363,1
38.00000000000027,72,126.75611901087171,146.3713128422787,1.0,87,3.738870496673872,84,4.575802280442699,112,5.8891180812614525,1
39.000000000000284,72,126.70947637486474,144.46139412727783,1.0,87,3.899264916326328,84,4.583691419946119,112,6.1682286975705525,1
40.0000000000003,72,126.17339510716967,142.0146542920768,1.0,72,3.8695047604492503,113,4.907712305528522,72,7.094442687605129,1
41.00000000000031,112,125.82166016533199,134.5535267489714,1.0,87,4.263342331027669,113,4.989571178925766,112,6.518692642150437,1
42.00000000000033,112,125.99390693396698,135.01133208007323,1.0,112,3.558800147517097,84,4.983528100507115,112,6.683968145401446,1
43.00000000000034,112,126.04890351512773,134.48905109769572,1.0,112,4.136146128642475,113,4.951109161617105,112,6.838809526947272,1
44.000000000000355,87,126.17246756083006,138.13492783707196,1.0,87,5.17181383054412,127,5.315946051666513,112,6.061697918353409,1
45.00000000000037,102,127.1635078912851,136.69001772226818,1.0,102,5.652923058794715,127,5.235074339936428,32,6.257387782342211,1
46.000000000000384,8,126.94776506812731,134.25668283117193,1.0,102,4.238226970948301,127,4.407779243974819,32,5.950546630066009,1
47.0000000000004,126,126.57085785586789,132.67255269411652,1.0,4,3.6292272488106185,5,5.119878659741884,32,5.499084500318516,1
48.00000000000041,126,126.39943664912184,131.24363495145258,1.0,4,4.105724030338219,5,5.790862261488847,110,5.25650960195195,1
49.000000000000426,126,125.98359135886426,131.18918351113746,1.0,126,5.325813036237345,5,6.394066533251466,110,4.758507711712683,1
50.00000000000044,72,127.10736323691813,138.5730557860241,1.0,72,6.135230517850404,5,6.186704301283095,110,4.992422314686957,1
51.000000000000455,72,127.19273008938247,138.40091639465825,1.0,72,5.953504155979344,5,5.697482113996642,110,5.057442434448594,1
52.00000000000047,72,126.9049873623666,136.60867060862327,1.0,72,7.027868136464501,5,4.741722042786652,110,5.361888123789001,1
53.00000000000048,28,126.73624162485085,131.87424383394384,1.0,118,3.8866742726646852,113,5.391070027161822,93,5.089820689898328,1
54.0000000000005,118,126.45129623637617,128.75251191856657,1.0,118,4.007476086635073,113,5.85493991470803,79,4.963117778898782,1
55.00000000000051,118,126.61688718863681,129.03663461957518,1.0,118,3.245229361387648,113,5.798578519223549,93,4.899627239180156,1
56.000000000000526,87,126.52058810465071,130.39515413653254,1.0,87,3.9514614146230738,113,5.695807429365692,126,5.055790459723252,1
57.00000000000054,87,126.42782763047913,129.3916044454602,1.0,87,4.804765527153301,113,5.650665209837007,122,5.1594700909343665,1
58.000000000000554,8,127.03195686020302,130.085642354876,1.0,8,4.097751581034483,113,5.501336320372586,22,5.04874469495103,1
59.00000000000057,32,126.7433145679054,129.30897742691081,1.0,32,3.706963058064187,113,5.524491474507882,36,5.066481595072874,1
60.00000000000058,32,126.63911090106286,129.29179494393952,1.0,32,4.257017107832892,113,6.202368949372902,36,5.025376291153417,1
61.0000000000006,32,126.65644059318858,129.29179494393952,1.0,32,4.757318578626355,113,6.308318777059615,36,4.689122256962923,1
62.00000000000061,72,126.50555267971887,130.11288469928127,1.0,72,4.748135254256401,113,5.860040427504952,36,4.569485969836175,1
63.000000000000625,32,126.70829404572682,129.26165204278334,1.0,32,5.104010629061447,113,5.309367399054205,36,4.640709792614496,1
64.00000000000064,32,126.61371123898041,129.12477669743356,1.0,32,6.213237097570588,45,5.275768560109772,112,5.2336844768283175,1
65.00000000000058,72,126.66606556295339,129.94221133926547,1.0,85,4.497250773129405,8,6.654581595292978,70,4.696221467599939,1
66.00000000000053,72,126.57436629404498,129.91070981446526,1.0,72,5.726450052613327,8,6.120254172151662,70,4.670153056185633,1
67.00000000000047,72,126.6281838804975,129.91070981446526,1.0,72,6.260874375547831,8,7.643885011467078,78,4.803807172143548,1
68.00000000000041,85,126.65091307350201,128.02639961869312,1.0,85,5.30847093155073,8,8.004378119226336,61,4.791364331182894,1
69.00000000000036,85,126.66346319508874,128.02639961869312,1.0,85,6.5831385812587575,8,7.550225175997122,61,4.7830143799301155,1
70.0000000000003,7,126.86408000600953,127.31378807015625,1.0,24,3.589307367325771,8,5.544895251076747,70,4.9764481036476775,1
71.00000000000024,24,126.87171207074906,127.63649185989553,1.0,24,3.576025591648164,8,5.431615600774423,106,5.292094347699763,1
72.00000000000018,7,126.91755064031575,127.385702459059,1.0,77,3.1050559244533593,8,8.418681819197179,100,4.850054920803305,1
73.00000000000013,85,126.94499090356571,127.75478029900115,1.0,77,3.2065119977446406,8,8.50771943271918,95,5.062250629373388,1
74.00000000000007,72,126.91943739887687,127.60094296394357,1.0,8,3.804235078080997,89,5.335443555417042,95,5.299542452234735,1
75.00000000000001,57,126.8987605324137,127.38237989006024,1.0,22,3.1375689885658753,89,5.724296856733306,60,5.032131038101026,1
75.99999999999996,72,126.93102814570946,127.56720567520435,1.0,85,3.2303746708693097,89,5.468694626029504,60,4.9217511037817445,1
76.9999999999999,85,126.78045850808812,127.72919344113623,1.0,85,5.945669745831326,89,5.3095883610652255,35,4.791371823608648,1
77.99999999999984,24,126.86657968548842,127.41278518520299,1.0,24,4.166682625879413,8,5.644299772187409,97,4.750029178899463,1
78.99999999999979,65,126.89615677773827,127.26586064085049,1.0,105,3.6079330909581735,8,6.118172280678827,97,4.91925716935985,1
79.99999999999973,24,126.90215320323827,127.37767830684753,1.0,24,3.340179931619751,8,6.486415660289341,97,5.034963539890607,1
80.99999999999967,65,126.89015147928689,127.21543993014028,1.0,109,2.9914910624154625,8,6.912163118826202,97,5.0880102581414395,1
81.99999999999962,32,126.90563237440686,127.30617374855973,1.0,103,2.869752306948202,8,5.45953366819831,97,5.1177038011189815,1
82.99999999999956,32,126.89059024580204,127.30468807397492,1.0,103,3.2812673869023152,8,6.949571738250795,32,5.331776431854283,1
83.9999999999995,32,126.88004427067018,127.28895294427318,1.0,103,3.212351928795865,80,5.287200807568055,32,5.693113695118777,1
84.99999999999945,32,126.87642568384379,127.27400694241032,1.0,103,3.124168690406959,80,5.721988499618693,32,5.694090681209277,1
85.99999999999939,32,126.87640803767438,127.27400694241032,1.0,19,2.9985912288501138,80,5.911754907668586,32,5.644624047850976,1
86.99999999999933,32,126.88010990453921,127.25986837578775,1.0,19,2.933829181732963,80,6.178853493336061,32,5.56684375042547,1
87.99999999999928,32,126.92923275962332,127.25986837578775,1.0,85,3.923548142581613,80,6.077958668074129,32,5.47587895978675,1
88.99999999999922,36,126.96642140578695,127.05370641073877,1.0,47,3.473553734249057,116,5.358864186671024,97,5.2383709721155585,1
89.99999999999916,46,126.96153466502682,127.13734738569386,1.0,47,2.9688885433355923,116,6.15621922889224,90,4.941663546329158,1
90.9999999999991,85,126.93955567685036,127.21909619288482,1.0,85,3.817726319337705,116,7.268302218912164,7,4.782413475167694,1
91.99999999999905,80,126.8929174880877,127.67529319708414,1.0,80,5.632793228202751,116,7.830249708778344,80,5.237542228821361,1
92.99999999999899,85,126.93244374698013,127.20572485762197,1.0,85,3.553947333451238,116,7.614729766695158,80,5.315586340487744,1
93.99999999999893,80,126.94748460628766,127.67529319708414,1.0,5,3.218066457338855,116,7.182501700339073,80,6.066294479316984,1
94.99999999999888,80,126.93377090730439,127.47135946356381,1.0,85,3.068170132513567,116,6.743470562752095,80,6.651032253103854,1
95.99999999999882,85,126.95284707232969,127.18372813848734,1.0,111,2.949776911031175,116,6.905908067680374,85,5.484746052957359,1
96.99999999999876,85,126.9702280550483,127.1693495315359,1.0,4,3.379214290832773,116,6.66500100785419,85,5.288067013365697,1
97.9999999999987,19,126.98127487298208,127.03569614516442,1.0,111,2.8337849933943984,32,6.405242363521753,80,5.08272036951221,1
98.99999999999865,115,126.95248952172933,127.05947119769917,1.0,115,3.9427348710294345,32,7.099323718314256,115,5.9844802679135185,1
99.9999999999986,80,126.89042399996745,127.3947147403547,1.0,80,7.900428036411796,32,5.6071073414994075,80,8.384141140198757,1
100.99999999999854,80,126.84432296267188,127.29524213989374,1.0,80,8.824055827647989,32,5.462838018330457,80,8.26946437520009,1
101.99999999999848,57,126.97003391536617,127.06442876414698,1.0,111,3.524324392898827,32,6.095732589570134,102,5.045839086026688,1
102.99999999999842,57,126.97085553508315,127.06442876414698,1.0,111,3.6280723938077486,32,6.474238757966811,102,5.015402244929048,1
103.99999999999837,80,126.9721604837724,127.11814894052753,1.0,111,3.6919442662064634,32,6.447354861413514,80,5.019784571405561,1
104.99999999999831,80,126.97313645081452,127.09512801903152,1.0,107,3.75454411593181,48,6.1260048258418,80,5.594737818417964,1
105.99999999999825,80,126.93593448558957,127.11814894052753,1.0,32,6.9481086504286536,48,6.3533716416974695,80,8.646201328470656,1
106.9999999999982,80,126.95355925002886,127.14666499037682,1.0,80,5.630687248755094,48,5.733397529422168,80,8.12095294478246,1
107.99999999999814,80,126.95796651189481,127.15896744991164,1.0,80,5.502853614644053,48,5.08548792467866,80,7.979427516180099,1
108.99999999999808,80,126.95105897247959,127.07976764272838,1.0,80,6.91193693904736,116,5.400099273201834,80,8.64235648945161,1
109.99999999999802,80,126.96603958371392,127.10505820862234,1.0,80,6.111347371820678,116,5.269715008754429,80,7.980322051336154,1
110.99999999999797,80,126.96167192885038,127.09239535342095,1.0,80,6.774164402102942,56,4.832507830411549,80,7.905407302818622,1
111.99999999999791,80,126.96614839101366,127.09239535342095,1.0,80,6.006172704979822,56,4.848665004306924,80,7.048116733605749,1
112.99999999999785,80,126.97014284151805,127.10505820862234,1.0,80,5.8467107983250175,56,4.285589210033355,80,6.376426512231515,1
113.9999999999978,80,126.95543014712057,127.10505820862234,1.0,80,7.588542747509117,48,3.9644073202296806,80,6.835722982584981,1
114.99999999999774,80,126.95662939994914,127.10071958614392,1.0,80,7.982587749190803,84,4.217460251247487,80,7.023066817540023,1
115.99999999999768,80,126.97912604782486,127.0767812710425,1.0,80,5.412983101849984,121,4.725433178289567,80,6.292412073297644,1
116.99999999999763,80,126.98555377385857,127.06945260378303,1.0,57,5.420572604634368,121,5.594965568263875,80,6.10293804402072,1
117.99999999999757,57,126.98611497127192,127.02945075628148,1.0,57,5.13940483809052,121,5.817039194835044,80,5.962718165784061,1
118.99999999999751,80,126.96570781283083,127.05637733663232,1.0,80,8.920036458802825,121,5.688017579041087,80,8.518351009019893,1
119.99999999999746,80,126.96774598320557,127.05637733663232,1.0,80,8.65461203746598,121,5.738028551089661,80,8.500962631569749,1
120.9999999999974,80,126.96936643073788,127.06058144964182,1.0,80,8.430007256201371,121,5.7821123020119,80,8.734187938167189,1
121.99999999999734,80,126.96400329125379,127.05021975342514,1.0,80,8.785601799892872,121,5.711028365850082,80,8.986775701625353,1
122.99999999999729,80,126.96785426309656,127.05021975342514,1.0,80,8.735713411695833,121,5.536957967118583,80,8.920137393872835,1
123.99999999999723,80,126.97424251269697,127.06945260378303,1.0,80,8.856973123727506,121,5.504849779826466,80,9.09891720008008,1
124.99999999999717,80,126.97326302299,127.05021975342514,1.0,80,8.835167418400284,121,5.729473531312431,80,9.120314502155564,1
125.99999999999712,80,126.97827716608299,127.06299813503935,1.0,80,8.334364758542534,121,5.777234646483861,80,8.862812842347278,1
126.99999999999706,100,126.99218947908336,127.00846342518338,1.0,66,5.4795485736611305,121,5.519041017157507,100,7.127454606519796,1
127.999999999997,80,126.99092508580244,127.04459516301581,1.0,80,5.162908841983047,105,5.733738714663602,80,7.026506633261082,1
128.99999999999696,57,126.99573625456122,127.00954094191727,1.0,57,5.487979490927303,105,5.432485094253084,80,4.367015388302181,1
129.9999999999969,57,126.99638733337859,127.00954094191727,1.0,57,4.712126318056731,41,4.840649355248965,8,4.171552511151284,1
130.99999999999685,57,126.9976697165876,127.00954094191727,1.0,72,4.9392459520668,41,5.950604118857111,8,4.149391812749215,1
131.9999999999968,57,126.99744361461462,127.00915247629082,1.0,72,4.09633316272331,41,6.210267590657429,57,4.494762119144854,1
132.99999999999673,72,126.99797894078452,127.00712758462672,1.0,72,8.258816749080337,41,6.412061043353377,80,4.31119946661996,1
133.99999999999667,57,126.99862070113139,127.00786296169233,1.0,72,4.930402309671918,41,6.370392661439261,57,5.366155331984414,1
134.99999999999662,57,126.99868833450755,127.00754357582026,1.0,72,4.496226523510496,41,6.488256902871457,57,5.537882768876435,1
135.99999999999656,72,126.9989821160668,127.00728493080226,1.0,72,6.479867367624825,41,6.933660175123154,116,5.403440537733188,1
136.9999999999965,72,126.99896885685892,127.00712758462672,1.0,72,6.914017355896292,41,7.385114827055599,57,5.5468785320352785,1
137.99999999999645,57,126.99888947171641,127.00609462772807,1.0,72,6.387029766046683,41,7.35350245150649,57,6.103867296895535,1
138.9999999999964,72,126.99909167038606,127.00555555859826,1.0,72,6.259277012870959,41,6.940159463514328,116,5.168980448260057,1
139.99999999999633,72,126.99903771401053,127.00473107297411,1.0,72,6.262034667937974,41,6.5337024409070175,116,5.021404425517089,1
140.99999999999628,72,126.99879286568333,127.00383446657132,1.0,72,6.8211177697190335,32,5.99864643303169,51,4.742243788450624,1
141.99999999999622,8,126.99926055304057,127.00171298356818,1.0,122,3.559719437211385,32,5.9192366400270915,8,4.847900280000937,1
142.99999999999616,100,126.99905386215967,127.00367591218117,1.0,100,3.8039950398567814,32,5.798728808460107,100,5.624256314543832,1
143.9999999999961,100,126.99885764158077,127.0048124586242,1.0,100,6.953643118073741,32,5.56616245942379,100,7.374580761263321,1
144.99999999999605,57,126.99881012192579,127.00285361644941,1.0,57,9.072862014482974,99,5.0885536587334546,51,4.684595003132384,1
145.999999999996,14,126.99938739648591,127.0010759883011,1.0,14,8.581891455240376,7,4.889979017371976,51,5.191796573296571,1
146.99999999999594,14,126.99920169744689,127.00073815369318,1.0,14,9.4062940815526,7,5.659967840286925,51,5.268691676921365,1
147.99999999999588,14,126.99919664690323,127.00073815369318,1.0,14,9.733266855224002,7,5.573407280529664,86,4.636510977842349,1
148.99999999999582,14,126.99922781601761,127.00085203134232,1.0,14,10.007815260018647,7,4.988645322814044,27,4.724419582592812,1
149.99999999999577,8,126.99967636629373,127.00061042308789,1.0,84,3.3771432110208766,14,6.478438709683209,100,5.189964676158341,1
150.9999999999957,98,126.99978951384628,127.00057370648445,1.0,84,3.6614018069732337,14,6.2311361524723345,27,5.511626530849215,1
151.99999999999565,98,126.99979834098748,127.0005184198356,1.0,98,4.155191122864705,14,5.319856686743569,27,5.473010143339914,1
152.9999999999956,98,126.9997943498184,127.0004976993833,1.0,98,4.741293526228389,19,4.890765081890735,126,5.20771893344296,1
153.99999999999554,98,126.99980605181305,127.0004976993833,1.0,98,4.841719063680273,19,4.687572526679374,122,5.1126656124471355,1
154.99999999999548,98,126.99978393568698,127.00049091014834,1.0,98,5.300807833470561,7,4.315286983495609,92,5.1383079580630415,1
155.99999999999542,102,126.99978621926117,127.00098288633008,1.0,98,5.673095991395253,19,4.6126794536181785,102,5.5067900397330956,1
156.99999999999537,98,126.99979081515755,127.00043766408571,1.0,98,6.440341624861761,19,5.0768027399633,102,5.871074686000058,1
157.9999999999953,98,126.99981176108719,127.0004272901965,1.0,98,7.569578935159563,19,5.896590333543822,102,5.740066410036267,1
158.99999999999525,98,126.99978783711578,127.00039299457498,1.0,98,8.11784609276661,19,6.016489959138358,102,5.690194648156417,1
159.9999999999952,98,126.99976840680188,127.00035095856175,1.0,98,8.69200407765967,19,5.027265139861187,89,5.482422201493801,1
160.99999999999514,98,126.99977753394198,127.00036747179371,1.0,98,8.059994903263194,83,4.481630880405673,93,5.538280209406646,1
161.99999999999508,72,126.99989831121934,127.00035188089052,1.0,98,4.808160489850757,108,4.854669971301526,72,5.447698355586763,1
162.99999999999503,72,126.99990403075623,127.00035188089052,1.0,98,4.93145780304101,108,5.81118782579159,33,5.232758116474635,1
163.99999999999497,72,126.99985515954822,127.00023234395968,1.0,98,4.48819534838378,108,6.31186351121905,33,5.150262222450825,1
164.9999999999949,72,126.99985492360642,127.0002320819494,1.0,98,4.0564506209551565,108,6.347210997636855,33,5.134861295085737,1
165.99999999999486,72,126.99983027379245,127.0002136650106,1.0,72,4.502148889348591,108,6.385573636570113,33,5.1829639058461074,1
166.9999999999948,72,126.9997854833199,127.00020865890416,1.0,72,6.337498224453432,108,6.201531815844583,33,5.23682395872274,1
167.99999999999474,72,126.99980304168758,127.0002136650106,1.0,72,6.711249523196661,108,5.968601399061754,33,5.213004877880694,1
168.99999999999469,72,126.99985195354024,127.00020296809731,1.0,72,7.259324742654889,108,5.624895967267612,33,5.132150866952933,1
169.99999999999463,72,126.99985812805059,127.00020296809731,1.0,72,7.589676129066423,108,5.3740990222867735,33,4.763568222168957,1
170.99999999999457,33,126.99992557288054,127.00007730244499,1.0,108,3.7550533462976636,108,5.466311648526204,66,5.182739272782518,0
171.99999999999451,33,126.99992104429244,127.00005322304587,1.0,108,3.7218442941327554,108,5.180914238218817,66,5.236957394013445,0
172.99999999999446,102,126.99993254603991,127.00012020279104,1.0,127,3.8402427274992315,127,4.727239246177676,102,4.738128008600669,0
173.9999999999944,57,126.99988481270887,127.00022835506475,1.0,57,9.93154938893193,120,4.579977573905685,66,6.351967877724912,1
174.99999999999434,57,126.99987236470558,127.00019555965515,1.0,57,11.366952203392268,120,4.428350304356286,66,5.695171968896587,1
175.9999999999943,66,126.99992812985845,127.00008498118433,1.0,57,8.746794890202185,120,4.420061921126885,66,5.726792856377471,1
176.99999999999423,66,126.99993279694792,127.00008493517382,1.0,66,6.186720767825294,97,4.640805999637964,102,6.237565638570193,1
177.99999999999417,66,126.99993601979868,127.00008493517382,1.0,66,6.12841890693473,24,4.3571287149970175,102,5.740931461378296,1
178.99999999999412,66,126.99993333975462,127.00008250952364,1.0,66,6.55796278576521,24,5.005153624111092,63,5.337622654468526,1
179.99999999999406,66,126.99994696817522,127.00008250952364,1.0,66,5.8901297962945804,24,5.051054004298781,72,6.169297104724936,1
180.999999999994,66,126.99994618754867,127.00008250952364,1.0,66,6.142568099729751,24,4.731561927474542,72,6.822553353741407,1
181.99999999999395,66,126.99993888473368,127.0000800065961,1.0,66,6.911665723026564,74,4.304762704488391,72,7.244986044759125,1
182.9999999999939,66,126.99993943556277,127.00007755983064,1.0,66,7.43467782357614,24,3.548873975928889,72,7.342108404489225,1
183.99999999999383,66,126.99994246847834,127.00007755983064,1.0,66,7.490228484627555,23,4.046993932678345,72,6.814847237229683,1
184.99999999999378,72,126.99995916253359,127.00006868853545,1.0,102,3.076216125371074,23,4.543016852450576,72,6.411588581966465,1
185.99999999999372,72,126.99995084462378,127.00005414452247,1.0,72,4.207013193043439,23,4.41080081918457,72,6.989596099700014,1
186.99999999999366,72,126.9999602122935,127.00005414452247,1.0,102,2.9996789222943288,23,4.1755198238891635,110,5.6805451025810925,1
187.9999999999936,102,126.99995909436531,127.00008042065011,1.0,102,4.29164553295913,17,3.994444631808716,72,5.41166457249643,1
188.99999999999355,72,126.99993998655538,127.00002906433316,1.0,72,7.690352210280107,17,4.380117096943852,72,8.033311852243916,1
189.9999999999935,72,126.99994643480169,127.00004429883671,1.0,72,7.1534936502271265,17,4.59459437628783,72,7.881232074106185,1
190.99999999999343,72,126.99994717697237,127.00004263342284,1.0,72,7.752342019089091,17,4.793249822627341,72,8.125010673238041,1
191.99999999999338,72,126.99996177906053,127.00004263342284,1.0,72,6.805654386178098,17,4.878232846421561,72,7.3712519969704315,1
192.99999999999332,72,126.9999635903517,127.00004429883671,1.0,72,6.755383103653172,17,4.9158852867014815,72,7.039475453781938,1
193.99999999999326,72,126.9999572228125,127.00004263342284,1.0,72,8.117955690998091,17,5.061344588809426,72,7.230762830749336,1
194.9999999999932,72,126.99995870368804,127.00004263342284,1.0,72,8.173988734205203,17,4.892684699229459,72,6.52614163536723,1
195.99999999999315,72,126.99996051030888,127.00004263342284,1.0,72,8.63436242560852,30,4.911071458683717,72,6.032101546575708,1
196.9999999999931,72,126.99996739422053,127.00004263342284,1.0,72,8.067179584549695,17,4.885495646086466,115,5.079630030260086,1
197.99999999999304,72,126.99996944406155,127.00004263342284,1.0,72,7.83127571428445,14,5.103727714130658,115,5.072266591342576,1
198.99999999999298,72,126.99996958766087,127.00003083039046,1.0,72,6.963682391483332,14,5.5940860905588075,109,4.860266080068298,1
199.99999999999292,72,126.99997115891024,127.00003239514558,1.0,72,6.5162480015139135,14,5.75384967180346,109,5.273605632174624,1
200.99999999999287,72,126.99997252249395,127.00003239514558,1.0,72,5.882252500671774,14,5.038305116889863,109,5.648855203240006,1
201.9999999999928,72,126.99996684795715,127.00002299367597,1.0,72,8.134989201404013,7,4.422469046308642,72,6.092167532335499,1
202.99999999999275,72,126.99996849172513,127.00002906433316,1.0,72,7.206987388841875,110,4.850572519631637,72,6.826121210864171,1
203.9999999999927,72,126.99996788491454,127.00002299367597,1.0,72,7.668398181067148,110,5.8598467500728795,72,7.763018491159353,1
204.99999999999264,72,126.99997762447099,127.00002906433316,1.0,120,5.445180232306247,110,6.0407434571068075,115,6.225630877366289,1
205.99999999999258,72,126.99997652271028,127.00002078166789,1.0,120,5.532709086390894,110,5.531693980712747,72,6.496540450917935,1
206.99999999999253,72,126.99997600551507,127.00002078166789,1.0,72,5.501805268228152,127,5.136833302744115,72,6.2679142357822055,1
207.99999999999247,72,126.99997822683176,127.00002078166789,1.0,120,6.141419688521847,127,5.02150126802972,115,5.730283097911549,1
208.9999999999924,85,126.999977931635,126.99998851468686,1.0,85,6.125181478778882,41,5.300338446092194,10,5.4727717846718456,1
209.99999999999235,85,126.99997863124919,126.9999927681256,1.0,120,5.820652641566698,41,5.6350987644565045,115,5.934484095173136,1
210.9999999999923,85,126.99997913086546,126.9999927681256,1.0,120,5.788493718274425,41,5.7576629653522335,115,6.394299868724298,1
211.99999999999224,85,126.99997876192234,126.99999124047318,1.0,120,5.301365768305143,7,5.02030246738026,115,6.393748606831236,1
212.99999999999218,85,126.99997858831404,126.99998828935645,1.0,102,4.9983286681689565,7,5.822124413490774,115,6.195259738504159,1
213.99999999999213,85,126.99997844097115,126.99998818976358,1.0,85,4.877984046400545,7,6.212031747504956,115,6.18018790397473,1
214.99999999999207,85,126.99997777022872,126.99998798841695,1.0,85,5.905855882707584,7,6.230088026255716,115,6.036795123963472,1
215.999999999992,72,126.99997796710551,127.00002299367597,1.0,72,6.1881966722853665,119,6.253893331736011,115,5.4095311744947985,1
216.99999999999196,85,126.99997831708798,126.99998818765587,1.0,72,5.723240587271002,119,6.372534542009636,115,5.558452854912104,1
217.9999999999919,63,126.99998177133314,126.9999877229991,1.0,88,4.1074624440266945,119,6.389136277820273,14,5.112482825833554,1
218.99999999999184,63,126.99998186999188,126.99998850065904,1.0,88,4.609297280878797,119,6.866977862289412,14,5.090518733894552,1
219.9999999999918,115,126.99998169954974,126.99998752745833,1.0,88,4.6125205499964785,119,6.989173296239258,115,5.35387597374963,1
220.99999999999173,115,126.99998222890356,126.99999059201207,1.0,88,4.462207754473093,119,6.800400270363465,115,4.900311070365069,1
221.99999999999167,115,126.9999821951467,126.99998752745833,1.0,119,4.244238645985765,119,6.519895113786517,115,4.984672426463742,0
222.99999999999162,109,126.99998206907924,126.99998522009857,1.0,119,4.026509444011956,119,5.976815555045047,85,4.732738734697955,0
223.99999999999156,59,126.99998325332321,126.99998436214207,1.0,119,3.9905064092728444,119,6.490853321530837,34,4.813672603450838,0
224.9999999999915,115,126.99998261610344,126.99998752745833,1.0,119,4.28565134513294,119,7.468811081290195,29,4.792475069465655,0
225.99999999999145,85,126.99998186856978,126.99998675113814,1.0,85,5.430674861972054,119,7.608388700447585,85,7.757990085534214,1
226.9999999999914,85,126.99998159822277,126.99998666647156,1.0,85,5.675813641559858,119,7.100015948068413,85,7.709167699774049,1
227.99999999999133,85,126.99998171434316,126.99998646413515,1.0,85,5.177430657345111,57,7.106490800997418,85,7.2545737952170715,1
228.99999999999127,85,126.99998165757688,126.99998627402061,1.0,85,5.264314241960342,57,6.7924160874164725,85,7.054206648003277,1
229.99999999999122,85,126.99998160787673,126.99998646413515,1.0,85,5.330318604246395,57,4.525216037330308,85,6.856000450514801,1
230.99999999999116,85,126.99998170462784,126.99998639576408,1.0,85,5.3908791444626,48,4.425025708689762,85,6.719387718747841,1
231.9999999999911,85,126.99998205992723,126.99998671054723,1.0,85,5.185056517612795,48,4.7726229910960765,85,6.19858193194262,1
232.99999999999105,85,126.9999820376878,126.99998666647156,1.0,85,5.879182123319423,48,4.5105475338303975,85,6.552150306208333,1
233.999999999991,57,126.99998219090156,126.99998735184187,1.0,57,7.180118785059431,77,4.4821999456564106,85,5.9235062426359235,1
234.99999999999093,85,126.99998188769376,126.99998639576408,1.0,85,5.803100286570331,77,4.679424449320593,85,6.478314150293029,1
235.99999999999088,85,126.99998203538279,126.99998666647156,1.0,85,7.163750952432647,126,5.191871645789284,85,6.838228896209579,1
236.99999999999082,85,126.99998226122969,126.99998671054723,1.0,85,6.928643571657989,126,5.701688765822131,85,6.467692892171373,1
237.99999999999076,85,126.99998260944419,126.99998675113814,1.0,85,6.930964469070597,87,5.788591315722207,85,6.592876445210708,1
238.9999999999907,85,126.99998329725135,126.99998680027913,1.0,72,5.025166091681813,87,5.349079257884095,85,5.831121641119923,1
239.99999999999065,77,126.99998348110321,126.9999859431342,1.0,81,3.5133920110229733,48,5.079859137207114,66,5.0038274741084825,1
240.9999999999906,100,126.99998315421242,126.99998452984637,1.0,100,5.9917232569857966,48,4.990039855056651,100,5.556158511244051,1
241.99999999999054,100,126.99998347183752,126.99998461318896,1.0,100,4.603549613092134,103,5.046768791485016,100,6.015321843219198,1
242.99999999999048,77,126.99998310508334,126.9999858597001,1.0,81,5.932179654092484,48,4.935331765408435,77,7.243088526088215,1
243.99999999999042,77,126.99998321932485,126.9999859431342,1.0,81,5.843338293595919,103,5.073263400844295,77,6.967078347851803,1
244.99999999999037,100,126.9999832667557,126.9999843401385,1.0,81,5.6999660031453345,103,5.21088332749492,100,6.977500893598119,1
245.9999999999903,100,126.99998329126339,126.99998431683436,1.0,81,5.769932028859134,103,5.015203161212955,100,7.1535205196765475,1
246.99999999999025,100,126.99998340388515,126.99998442412931,1.0,100,5.799452920230182,103,4.935104913551069,100,7.6582202985695895,1
247.9999999999902,100,126.99998345727059,126.99998449676694,1.0,72,5.697963013408685,126,5.3594050256324905,100,6.9653983096577505,1
248.99999999999014,100,126.99998357275787,126.9999843721818,1.0,100,4.3833702230806395,126,6.168766042573738,100,6.902022892414966,1
249.99999999999008,96,126.99998366229244,126.99998411484806,1.0,126,3.5277142013523206,126,6.283825924593737,96,6.14130620850125,0
250.99999999999002,96,126.99998366730638,126.99998411484806,1.0,23,3.34469942443456,126,6.235663856353901,100,6.007581467434886,1
251.99999999998997,100,126.9999837775106,126.99998457517098,1.0,23,3.251695722733095,126,5.936960263173614,100,5.181343557759294,1
252.9999999999899,100,126.9999837537751,126.99998457517098,1.0,104,3.1388748698616693,23,5.599108506293374,100,5.523226049867831,1
253.99999999998985,10,126.99998378778322,126.99998391059269,1.0,104,3.2992410454656578,81,6.767829859106859,100,5.139747571485278,1
254.9999999999898,100,126.99998378074466,126.99998446588782,1.0,104,3.4372854288385133,81,7.13807609559077,100,5.315731438981668,1
255.99999999998974,77,126.99998378971607,126.99998423609757,1.0,104,3.0319333675094553,81,8.439861399519458,77,5.370776021398388,1
256.99999999998994,10,126.9999837960445,126.99998390389881,1.0,74,2.79742625316183,81,8.606098789002717,77,4.942933959598323,1
257.99999999999017,110,126.99998373774602,126.99998429616655,1.0,110,3.340328302959258,81,8.620568643864157,36,4.309094328041665,1
258.9999999999904,110,126.99998372417811,126.99998416798067,1.0,62,3.3657097188703293,81,8.052741941547541,47,4.39619184414743,1
259.9999999999906,110,126.99998374248464,126.99998416798067,1.0,110,3.664334961486034,81,7.091869810374194,47,4.426982651250228,1
260.99999999999085,110,126.99998374611891,126.99998413549133,1.0,110,3.964940249369959,81,6.750212222689012,47,4.368531814574392,1
261.9999999999911,110,126.99998375020257,126.99998413549133,1.0,110,3.64449124152896,81,7.449657927710633,47,4.406086392897521,1
262.9999999999913,98,126.99998381874589,126.99998412885091,1.0,115,3.7908129368386057,51,6.2011497420787105,57,5.4951854414782755,1
263.99999999999153,110,126.9999837866333,126.99998413549133,1.0,81,4.462255698452637,51,5.4885896334424285,47,4.812945026698046,1
264.99999999999176,110,126.99998375940396,126.99998412487425,1.0,110,5.295554183085728,53,4.988177296470649,110,4.990168973678611,1
265.999999999992,110,126.99998376098878,126.99998412093002,1.0,110,5.136765205573577,72,5.236247112296122,110,5.240232293235484,1
266.9999999999922,85,126.99998377811332,126.9999840444143,1.0,85,7.314925736094939,51,4.97377260115141,85,7.28514606165455,1
267.99999999999244,85,126.99998378552166,126.9999840444143,1.0,85,7.148672071688398,23,5.404434991810977,85,7.012266648907029,1
268.99999999999267,85,126.99998378539394,126.9999840444143,1.0,85,7.4180897466843865,23,5.709470070210074,85,7.066263743910868,1
269.9999999999929,85,126.99998377372343,126.99998403510163,1.0,85,7.190373981043776,23,4.974748734329809,85,6.942556472656333,1
270.9999999999931,85,126.99998377736375,126.99998403140727,1.0,85,7.186042365034035,51,4.688492315280372,85,6.722661510942818,1
271.99999999999335,85,126.99998380179167,126.99998403510163,1.0,85,6.435510816415665,51,4.655777351379473,85,6.450844684589971,1
272.9999999999936,85,126.99998380269136,126.99998403510163,1.0,85,6.201900120390363,88,4.947586195405609,85,6.637094921272453,1
273.9999999999938,85,126.99998380639036,126.99998403510163,1.0,85,5.238289649078207,88,4.763067742777995,85,6.6970636765813465,1
274.99999999999403,85,126.99998380701041,126.99998402557743,1.0,85,4.813527301849936,110,4.836764110182659,85,7.042916018593514,1
275.99999999999426,85,126.99998380763186,126.99998402557743,1.0,85,4.982948614165658,110,5.765004264801414,85,7.760045330331302,1
276.9999999999945,85,126.99998380883993,126.99998402557743,1.0,85,4.555566917397101,110,6.271725463036572,85,7.849338351753617,1
277.9999999999947,85,126.99998381050479,126.99998402557743,1.0,85,4.550656212409347,110,6.038175038581718,85,7.517574389454356,1
278.99999999999494,85,126.99998381357395,126.99998398905504,1.0,85,5.499851629252456,21,5.550309850314669,85,7.109819155505351,1
279.99999999999517,85,126.999983809792,126.99998398905504,1.0,85,6.017388640032794,21,6.072784861580047,85,5.9519273686369445,1
280.9999999999954,85,126.99998381304128,126.99998402557743,1.0,85,5.646810402006838,21,6.108357012954546,83,5.347810572681873,1
281.9999999999956,85,126.99998381307657,126.99998402557743,1.0,85,5.815039207916992,21,5.876519567579083,68,5.655161336476105,1
282.99999999999585,85,126.99998380495609,126.99998398365872,1.0,85,6.346206248288238,21,5.5812854216856955,68,5.838216302600275,1
283.9999999999961,85,126.99998379664542,126.9999839349944,1.0,85,8.230877976686441,21,5.364439984261648,124,5.679786800305422,1
284.9999999999963,85,126.99998379670546,126.99998393138415,1.0,85,8.88257226641796,21,4.86268071100786,83,5.675094035050975,1
285.99999999999653,72,126.99998379906567,126.99998401799968,1.0,72,7.442865362226106,21,4.344664785756272,72,5.803550210692531,1
286.99999999999676,85,126.9999837985742,126.99998393090151,1.0,85,7.670868743463308,20,4.156371861589282,72,6.839515282116489,1
287.999999999997,85,126.99998379532634,126.99998392118117,1.0,85,7.922980526159096,20,4.117952724400727,72,7.955075704658042,1
288.9999999999972,85,126.99998379515243,126.99998392604435,1.0,85,8.177702614673253,20,4.142300199106291,72,8.175883189578158,1
289.99999999999744,83,126.99998385580881,126.99998388124493,1.0,115,6.069366701609978,20,3.9299771108704165,83,6.137203988122156,1
290.99999999999767,72,126.99998383008696,126.99998389052756,1.0,72,7.308077408029777,20,3.6366010239933306,72,8.907730466032772,1
291.9999999999979,72,126.99998383333386,126.99998389950022,1.0,72,7.234508829372232,98,4.044407458275731,72,8.142591923986952,1
292.9999999999981,72,126.99998383610928,126.99998389950022,1.0,72,7.226037505945839,71,4.605552579562509,72,7.009389746446322,1
293.99999999999835,72,126.99998383919852,126.9999839012475,1.0,72,7.253351528453294,71,5.196281767780262,72,5.81312616021415,1
294.9999999999986,72,126.99998383919515,126.99998389950022,1.0,72,7.0872219316149305,71,5.665918425329487,120,4.887361055117893,1
295.9999999999988,72,126.99998383618752,126.99998389935236,1.0,72,7.956681350102434,71,6.0366525317794135,87,4.875052896734875,1
296.99999999999903,72,126.99998383825626,126.99998389935236,1.0,72,7.819564902266774,71,6.1623446292554345,103,4.864400025259551,1
297.99999999999926,72,126.99998383953896,126.99998389935236,1.0,72,7.704616742543277,71,6.050067160335754,103,5.017664199476197,1
298.9999999999995,72,126.9999838375504,126.99998389935236,1.0,72,7.91129644019798,71,5.933806355363743,72,5.8626302848247756,1
299.9999999999997,72,126.99998383807196,126.99998389935236,1.0,72,7.709029397718047,71,5.79976976798341,72,6.316371179938868,1
300.99999999999994,90,126.99998386846733,126.99998387577752,1.0,14,2.4996591473569874,100,8.002741529312967,87,5.559386156195046,1
302.00000000000017,90,126.9999838684399,126.9999838756715,1.0,59,2.595512933727204,100,7.573011157202405,87,5.522953745296153,1
303.0000000000004,115,126.99998386296619,126.99998387532398,1.0,115,7.047607262620135,59,5.9887500097372754,87,5.559866896726157,1
304.0000000000006,98,126.99998386772236,126.99998387378021,1.0,59,3.0290122893021105,59,6.22148082819874,98,5.490577124736056,0
305.00000000000085,110,126.99998385888705,126.99998390194658,1.0,110,8.484768586095939,59,6.10417304874569,87,5.16446700686806,1
306.0000000000011,110,126.99998386353714,126.99998390194658,1.0,110,7.370637838049214,59,5.833935805328936,98,5.502983501520671,1
307.0000000000013,110,126.99998386472687,126.99998390194658,1.0,110,7.029485538795221,125,5.938429848070579,98,5.42715314481948,1
308.00000000000153,110,126.99998385890356,126.99998388930945,1.0,110,9.792542332626864,125,6.9668384266788905,98,4.752952010796468,1
309.00000000000176,90,126.99998386949932,126.9999838754507,1.0,125,3.7313533308426496,125,6.727418593351489,119,4.324252632919409,0
310.000000000002,90,126.99998386991531,126.99998387577752,1.0,96,3.461477742933832,96,6.640959139710974,16,4.030272267104321,0
311.0000000000022,90,126.99998386974853,126.9999838754507,1.0,59,3.5408086910257572,59,6.645146617517302,16,4.136438768615634,0
312.00000000000244,115,126.99998386891849,126.99998387320446,1.0,59,3.828762636696824,59,6.467236576522902,16,3.9851058711662235,0
313.0000000000027,90,126.99998386904403,126.99998387446551,1.0,59,3.421622249854832,96,5.922226577278676,0,4.1106902546768636,1
314.0000000000029,90,126.99998386910556,126.99998387446551,1.0,59,3.249993698680569,59,5.515443686151839,90,4.322453105995144,0
315.0000000000031,115,126.99998386916405,126.99998387320446,1.0,72,3.888050157517261,59,6.182218692399908,115,4.970351441486091,1
316.00000000000335,72,126.99998386928856,126.99998388381209,1.0,72,4.345901491097501,59,6.078378721561088,61,4.729980370646037,1
317.0000000000036,72,126.99998386831834,126.99998388357754,1.0,72,6.756994668557657,59,5.495128954915316,72,4.939125044551236,1
318.0000000000038,72,126.9999838683519,126.99998388357754,1.0,72,6.720026948064629,84,5.079007753918417,72,5.740098534672181,1
319.00000000000404,110,126.9999838678193,126.9999838771825,1.0,110,4.1285186393392515,85,5.6654484855020515,3,4.151952235116346,1
320.00000000000426,84,126.99998386976348,126.99998387197171,1.0,84,4.819114338274879,85,6.074772085108969,3,4.165499061762203,1
321.0000000000045,110,126.9999838700506,126.99998387518374,1.0,84,3.5726265540439393,85,5.481158600491055,81,5.2916128420451125,1
322.0000000000047,110,126.99998386999296,126.99998387451204,1.0,19,3.4520126105473823,85,5.105821516016409,81,5.062935842009848,1
323.00000000000495,100,126.9999838700908,126.99998387271815,1.0,84,3.3134791913852815,85,4.81189029206897,81,4.844028989693439,1
324.0000000000052,57,126.99998387017301,126.99998387377342,1.0,41,3.6211375896787943,85,4.904896025901582,57,4.741883645714911,1
325.0000000000054,57,126.99998387063741,126.99998387395662,1.0,41,3.7876430995961132,41,5.048524540095654,57,4.451683889915969,0
326.0000000000056,100,126.9999838706087,126.99998387305023,1.0,41,3.702479777471919,41,5.508631889810622,121,4.656359926832831,0
327.00000000000585,3,126.9999838706713,126.99998387173422,1.0,41,3.729552083588189,41,5.5888033402964545,121,4.697680781409195,0
328.0000000000061,3,126.99998387067217,126.99998387173422,1.0,41,3.667228194483049,41,5.653628582070178,121,5.015774034390414,0
329.0000000000063,3,126.99998387067703,126.99998387166276,1.0,41,3.4244027347940893,28,6.057022537569335,121,4.720415982935516,1
330.00000000000654,3,126.99998387067522,126.99998387157477,1.0,41,3.6019889725874794,41,6.0871646577771,5,4.443444990141161,0
331.00000000000676,3,126.99998387061414,126.99998387133742,1.0,41,3.7526278211171453,41,6.013097354081107,3,4.428863209181801,0
332.000000000007,3,126.99998387066647,126.99998387136968,1.0,41,3.795542151515759,39,5.902406817159327,3,4.341212175048222,1
333.0000000000072,3,126.99998387066539,126.99998387136968,1.0,41,3.8024828605384786,39,6.175416979469031,3,4.383182513457818,1
334.00000000000745,3,126.9999838706696,126.99998387136968,1.0,41,3.5862887270560515,39,6.918523493813936,68,4.600880613509426,1
335.0000000000077,3,126.99998387068435,126.99998387136968,1.0,41,3.3092667937573412,39,7.481488395902881,3,4.636834939371283,1
336.0000000000079,83,126.9999838706396,126.99998387181053,1.0,56,3.357833506977841,39,7.579670903279242,68,4.643926551242448,1
337.00000000000813,83,126.9999838706463,126.99998387181053,1.0,56,3.3057338689084754,39,7.617269849162121,68,4.605870145213493,1
338.00000000000836,83,126.99998387066326,126.99998387181053,1.0,56,3.236325299586293,39,7.635086545521352,68,4.5697373801387045,1
339.0000000000086,121,126.99998387072873,126.9999838711992,1.0,60,3.208491597261475,39,7.4792021043438375,68,4.477400761545153,1
340.0000000000088,121,126.99998387074574,126.9999838711992,1.0,60,2.983105719221321,39,7.082306771424985,68,4.396418099811193,1
341.00000000000904,90,126.99998387024185,126.99998387149184,1.0,52,2.763048370745857,39,5.918191375236027,34,4.330074566452886,1
342.00000000000927,81,126.9999838707528,126.99998387119129,1.0,52,2.6366269924148593,91,5.255656789208437,101,4.36300591885106,1
343.0000000000095,87,126.99998387088388,126.99998387129116,1.0,91,2.643809462003677,91,5.633534600370512,104,4.5739748965160905,0
344.0000000000097,81,126.99998387081023,126.99998387116403,1.0,126,2.6813074609894185,91,5.626043796088139,61,4.613866159023072,1
345.00000000000995,81,126.99998387078159,126.99998387113452,1.0,19,2.9675435487362933,91,5.727463858008809,17,4.7559458424022525,1
346.0000000000102,81,126.99998387076386,126.99998387111948,1.0,19,3.062213343207952,91,5.824472020782824,44,4.770666932388075,1
347.0000000000104,81,126.9999838708006,126.99998387109059,1.0,19,2.856784217543609,91,6.243252874181185,44,4.800038371632178,1
348.00000000001063,81,126.99998387080689,126.99998387109059,1.0,91,3.042137567576246,91,6.665630607010543,101,4.830537577343606,0
349.00000000001086,81,126.99998387080844,126.99998387109059,1.0,91,3.2854284055118312,91,7.0865052907804165,101,4.781935863963841,0
350.0000000000111,81,126.99998387083515,126.99998387113195,1.0,91,3.6106385727646293,91,7.672760595757703,20,4.739928918197974,0
351.0000000000113,81,126.99998387085253,126.9999838711546,1.0,91,3.742063740120075,91,7.923969004742406,86,4.592266751611719,0
352.00000000001154,81,126.99998387084452,126.99998387116403,1.0,91,3.5321379857993627,91,7.174111709113205,86,4.660191460650506,0
353.00000000001177,81,126.999983870841,126.9999838711546,1.0,91,3.2968635927450807,91,6.309697544130213,86,4.571453172428942,0
354.000000000012,81,126.99998387078038,126.99998387113452,1.0,91,2.9993578511967187,54,5.424442342337851,50,4.502073811563884,1
355.0000000000122,81,126.99998387078439,126.9999838711356,1.0,12,2.7483400117956376,54,5.741645710122657,86,4.3813403812115865,1
356.00000000001245,81,126.99998387077177,126.99998387113452,1.0,21,2.7302877814692277,54,5.5253822796618035,25,4.433559726308984,1
357.0000000000127,98,126.99998387092226,126.99998387115443,1.0,21,3.1001472052891006,54,5.215313152976927,108,4.4901185496761435,1
358.0000000000129,110,126.99998387091723,126.99998387125099,1.0,21,3.338987354207704,54,5.289187602966962,112,4.588871467794766,1
359.00000000001313,110,126.99998387090436,126.9999838712412,1.0,21,3.4053128902447356,21,4.969189263870885,112,4.696052205049066,0
360.00000000001336,110,126.99998387089785,126.999983871241,1.0,21,3.439274768582683,21,5.224632412450341,112,4.801184736804426,0
361.0000000000136,110,126.99998387090912,126.9999838712412,1.0,21,3.4065835389365042,21,5.436517588062489,112,4.926866642182688,0
362.0000000000138,110,126.99998387090368,126.99998387122167,1.0,21,3.2677349121264565,21,5.316962574342284,127,5.009388363899534,0
363.00000000001404,110,126.99998387090238,126.99998387121472,1.0,63,2.896547083074662,21,4.6959128368751335,39,5.028464965800557,1
364.00000000001427,110,126.999983870901,126.99998387121472,1.0,21,3.158979478854988,21,5.521607920052307,119,4.9390547453372005,0
365.0000000000145,110,126.99998387088891,126.99998387117195,1.0,91,3.3066319184994653,21,5.803155294898641,87,4.916010360224691,1
366.0000000000147,110,126.99998387089958,126.99998387117195,1.0,91,3.5508190598052365,21,5.493051613891202,87,4.906994555763202,1
367.00000000001495,110,126.99998387089813,126.99998387117195,1.0,91,3.568760531523746,21,5.105856325339349,87,4.982184718321232,1
368.0000000000152,110,126.99998387089657,126.99998387112187,1.0,91,3.4921837296733322,21,4.956696751462114,87,4.937371402495435,1
369.0000000000154,110,126.99998387088289,126.99998387109929,1.0,91,3.226460943761268,123,5.298881088464741,87,4.840649138457103,1
370.00000000001563,98,126.9999838709465,126.99998387105964,1.0,91,3.008127454303453,123,5.501326735984748,87,4.708028205921354,1
371.00000000001586,98,126.99998387094635,126.99998387105964,1.0,91,2.868883424624201,123,5.037433093382582,49,4.60603012690704,1
372.0000000000161,98,126.99998387094621,126.99998387105964,1.0,91,2.824496674387012,21,5.131717156607689,49,4.563085130732459,1
373.0000000000163,98,126.99998387095263,126.99998387106865,1.0,21,2.9614722420917126,21,5.836934029793023,100,4.487098728837052,0
374.00000000001654,61,126.9999838709568,126.99998387105005,1.0,21,3.1531095030408887,21,6.170121058717141,101,4.456073435483544,0
375.00000000001677,98,126.9999838709628,126.99998387106865,1.0,91,3.152382429093916,21,5.792965551122247,105,4.364291512030548,1
376.000000000017,98,126.99998387096309,126.99998387106865,1.0,91,3.2023452086420345,82,5.396458166177912,76,4.472874247283613,1
377.0000000000172,98,126.99998387097415,126.999983871088,1.0,91,3.246345742188873,82,5.389920083060202,105,4.635049407539836,1
378.00000000001745,98,126.9999838709695,126.99998387106865,1.0,91,3.0980609437531554,82,5.22153177580118,113,4.9025794745544555,1
379.0000000000177,98,126.99998387097511,126.99998387105964,1.0,91,2.7531516276941232,82,5.052784565848171,105,5.088287892061468,1
380.0000000000179,121,126.99998387098158,126.99998387102646,1.0,21,2.696152215516256,21,5.510676973605838,98,5.043406412418967,0
381.00000000001813,121,126.99998387098228,126.99998387102588,1.0,21,2.7566841424862605,21,5.6914339197266655,98,4.825053499230444,0
382.00000000001836,121,126.99998387098226,126.99998387102588,1.0,126,2.8715524414736326,21,5.566351199939678,77,4.948915063025871,1
383.0000000000186,121,126.99998387098806,126.99998387102588,1.0,126,2.6305971289850714,21,5.294464599849709,77,5.072228108335375,1
384.0000000000188,90,126.9999838709875,126.99998387107917,1.0,123,2.73030201362983,21,4.786025885572663,70,5.0868989233042905,1
385.00000000001904,90,126.9999838709878,126.99998387107864,1.0,123,2.7058257239773145,82,4.885542417325516,70,5.019819022033325,1
386.00000000001927,90,126.99998387098871,126.99998387107772,1.0,125,2.875623414945318,82,5.100728408752853,121,4.787937489645156,1
387.0000000000195,72,126.99998387097823,126.99998387106356,1.0,82,3.1304543785708274,82,4.8178971477480745,121,4.738922983062963,0
388.0000000000197,72,126.99998387097871,126.99998387106356,1.0,125,3.303850758086204,48,4.354234412786161,121,4.478325262756034,1
389.00000000001995,44,126.99998387099407,126.99998387100858,1.0,125,3.3456137046036285,48,5.417378711153484,83,4.516034127346176,1
390.0000000000202,44,126.99998387099116,126.99998387100709,1.0,125,3.3372178173338662,48,5.889137773202835,121,4.563522556833577,1
391.0000000000204,44,126.99998387099379,126.99998387100959,1.0,125,3.154916165197479,48,5.7367497088697395,96,4.775476056446129,1
392.00000000002063,44,126.99998387099559,126.99998387100983,1.0,107,3.336945243840189,48,5.722115156597944,121,4.712226444876901,1
393.00000000002086,121,126.99998387098888,126.99998387101043,1.0,107,3.3323251532699327,48,5.920544517883756,121,4.721437770375514,1
394.0000000000211,121,126.99998387099133,126.99998387101286,1.0,107,3.179572093009213,48,5.954920907045064,121,4.801866355637218,1
395.0000000000213,121,126.99998387099184,126.99998387101043,1.0,75,3.2931702660418547,75,6.695313968833439,22,4.8180467756957635,0
396.00000000002154,85,126.9999838709959,126.99998387101985,1.0,75,3.454632976521101,75,7.009416093384854,37,4.785172464628691,0
397.00000000002177,3,126.99998387099551,126.99998387100888,1.0,10,3.7835031666314958,75,6.67744733404624,37,4.618254108988429,1
398.000000000022,3,126.99998387099545,126.9999838710081,1.0,10,4.109016718866462,75,6.020751467216028,5,4.477981330133562,1
399.0000000000222,85,126.99998387099892,126.99998387102212,1.0,10,4.242398206778329,33,5.922568317318385,70,4.359067822811774,1
400.00000000002245,85,126.99998387099858,126.99998387102212,1.0,10,4.0308528000376125,33,6.27599439780858,0,4.259441372077555,1
401.0000000000227,102,126.9999838709976,126.99998387100469,1.0,10,3.757560619383978,33,6.423215104806821,27,4.3950287513885264,1
402.0000000000229,102,126.99998387099906,126.99998387100469,1.0,33,3.429226324712014,33,6.65160118218078,27,4.456622644184625,0
403.00000000002314,102,126.9999838709998,126.99998387100469,1.0,33,3.5904213511373237,33,6.820611458031269,70,4.426644350581514,0
404.00000000002336,102,126.99998387100007,126.99998387100469,1.0,33,3.6577349335805773,33,6.8918085703684655,70,4.537071849172845,0
405.0000000000236,102,126.99998387100017,126.99998387100469,1.0,33,3.6603710605068334,33,6.742669601075786,70,4.541949497903955,0
406.0000000000238,102,126.99998387099959,126.99998387100362,1.0,33,3.6367987256587986,75,6.912877053185497,78,4.544635363387112,1
407.00000000002404,102,126.99998387099966,126.99998387100362,1.0,33,3.7781274985136513,75,6.601803590918318,35,4.537403829629993,1
408.0000000000243,102,126.99998387099892,126.99998387100351,1.0,33,3.687970087580803,33,5.943439562494332,36,4.5767987081699175,0
409.0000000000245,102,126.99998387099892,126.99998387100332,1.0,33,3.651375389923953,33,5.272057351034577,17,4.868858133163851,0
410.0000000000247,102,126.99998387100054,126.99998387100362,1.0,33,3.3423249011783085,33,4.544893331159466,17,5.144898720279325,0
411.00000000002495,102,126.99998387100052,126.99998387100362,1.0,33,2.6832888009064852,75,4.363984997498042,103,5.295393135759792,1
412.0000000000252,98,126.9999838710015,126.9999838710036,1.0,75,2.4944002383977937,75,5.718567139213299,16,5.41357141885185,0
413.0000000000254,1,126.99998387100158,126.99998387100324,1.0,75,2.813098442531131,75,6.341972163870628,16,5.335890368654819,0
414.00000000002564,0,126.99998387100167,126.99998387100293,1.0,55,2.7529463423688894,75,6.220198522937206,120,5.264223972127187,1
415.00000000002586,0,126.99998387100159,126.99998387100304,1.0,55,2.9813618827652206,75,5.67497859108019,103,5.173692395930024,1
416.0000000000261,110,126.99998387100109,126.99998387100572,1.0,55,3.3317765659035614,75,4.837874756176128,18,5.205868923272072,1
417.0000000000263,110,126.99998387100061,126.99998387100553,1.0,8,3.4723491458046873,75,4.3083152588448055,7,5.067757715860068,1
418.00000000002655,110,126.99998387100047,126.9999838710052,1.0,8,3.8125443364373055,83,4.7966295047616265,7,4.940910084256261,1
419.0000000000268,61,126.9999838710003,126.99998387100763,1.0,8,3.5747813222419604,83,5.120294842638821,7,4.770937549463316,1
420.000000000027,61,126.99998387100045,126.99998387100763,1.0,39,3.9426932388311533,83,5.167624548413902,7,4.648844510158324,1
421.0000000000272,61,126.99998387100061,126.99998387100746,1.0,39,4.398865523358289,83,4.574417043577024,7,4.600775340737341,1
422.00000000002746,61,126.99998387100054,126.99998387100746,1.0,39,4.556459630142233,39,4.657411690176913,111,4.57312603416792,0
423.0000000000277,61,126.99998387100051,126.99998387100746,1.0,39,4.478692737365744,39,4.854069549917637,21,4.650133014783933,0
424.0000000000279,61,126.99998387100062,126.99998387100746,1.0,39,4.422512644108525,39,5.276764134815858,21,4.662959192687941,0
425.00000000002814,72,126.9999838710014,126.99998387100408,1.0,39,4.140336718461211,39,5.58850318790492,7,4.690784271646387,0
426.00000000002836,72,126.9999838710016,126.99998387100413,1.0,39,3.74609284259669,39,5.528484221424129,7,4.706396119182356,0
427.0000000000286,72,126.99998387100155,126.99998387100402,1.0,39,3.449859638662829,39,5.4903384582649775,70,4.7860749277090235,0
428.0000000000288,72,126.99998387100158,126.99998387100402,1.0,39,3.5417517456179075,39,5.552195068533051,36,4.787726671846619,0
429.00000000002905,124,126.99998387100194,126.99998387100217,1.0,39,3.682736943303321,39,5.21305474772882,19,4.813754474924703,0
430.0000000000293,124,126.99998387100194,126.99998387100217,1.0,39,3.7388808844937675,121,5.370592257132892,19,4.756719422313086,1
431.0000000000295,124,126.99998387100194,126.99998387100217,1.0,39,3.665203977345221,121,5.075916253413917,62,4.707841517258666,1
432.00000000002973,124,126.99998387100196,126.99998387100217,1.0,39,3.4453945810701128,2,5.0539031092923725,62,4.797408790297338,1
433.00000000002996,121,126.99998387100177,126.99998387100275,1.0,6,3.5142523855063854,2,5.008801945993218,62,4.824077707893808,1
434.0000000000302,121,126.99998387100176,126.99998387100275,1.0,6,3.62894802153583,41,5.433191656362549,62,4.811342796380592,1
435.0000000000304,121,126.9999838710018,126.99998387100275,1.0,6,3.47091864896135,41,5.825486270266383,62,4.684959288615428,1
436.00000000003064,121,126.9999838710018,126.99998387100275,1.0,69,3.3851726397604653,41,6.172519748532967,34,4.439872295108845,1
437.00000000003087,121,126.99998387100183,126.99998387100275,1.0,69,3.4140403361438247,41,6.030829256079358,36,4.37225606666448,1
438.0000000000311,121,126.99998387100185,126.99998387100275,1.0,69,3.464152658959441,41,5.781225899093437,38,4.370582346182742,1
439.0000000000313,121,126.99998387100187,126.99998387100275,1.0,69,3.570384874142573,69,5.527291964150032,116,4.322221096622618,0
440.00000000003155,121,126.99998387100183,126.99998387100273,1.0,42,3.6428644510483177,69,6.132111907078616,106,4.315915968312623,1
441.0000000000318,121,126.99998387100183,126.99998387100258,1.0,42,4.040325688679749,69,6.456815349276118,106,4.397112897847749,1
442.000000000032,61,126.99998387100185,126.99998387100281,1.0,42,3.918152463554381,69,6.747010231117879,116,4.4542994392760065,1
443.00000000003223,110,126.99998387100187,126.99998387100284,1.0,42,3.5309487801762276,69,6.293132065761916,106,4.565567395793622,1
444.00000000003246,110,126.99998387100173,126.99998387100278,1.0,42,3.1550068052990743,41,5.6600271617542415,106,4.717382057402052,1
445.0000000000327,110,126.9999838710017,126.99998387100278,1.0,41,3.054343629134551,41,5.804201314061632,106,4.706922772450965,0
446.0000000000329,110,126.99998387100153,126.99998387100264,1.0,42,3.1608062073421688,41,5.3333936844906535,75,4.932967960968614,1
447.00000000003314,110,126.99998387100159,126.9999838710027,1.0,42,3.2674687872264334,41,4.945078840476673,75,5.003457389914285,1
448.00000000003337,110,126.99998387100159,126.99998387100261,1.0,42,3.528516662314741,41,4.937410917173226,75,4.781790325438017,1
449.0000000000336,110,126.99998387100155,126.99998387100256,1.0,42,3.9960687747128563,41,4.597747154079072,7,4.521595576582053,1
450.0000000000338,110,126.99998387100155,126.99998387100256,1.0,42,4.124311915792351,14,4.3042212041439125,115,4.402061870809954,1
451.00000000003405,110,126.99998387100159,126.99998387100256,1.0,42,4.198694113214893,14,4.535729970000943,115,4.4375851055409035,1
452.0000000000343,110,126.99998387100159,126.99998387100256,1.0,42,4.08420257274274,108,4.353745932302466,82,4.537344014891677,1
453.0000000000345,110,126.9999838710016,126.99998387100256,1.0,42,3.8662258780717282,108,4.406301780065069,82,4.547477305350601,1
454.00000000003473,110,126.99998387100162,126.99998387100256,1.0,42,3.970856097011544,3,5.04002579468688,82,4.439508895257795,1
455.00000000003496,110,126.99998387100158,126.99998387100253,1.0,42,4.040850345835169,118,4.746687832443209,82,4.4133337146125875,1
456.0000000000352,110,126.9999838710016,126.99998387100253,1.0,42,4.126256814595406,118,5.024963398453368,27,4.371208924225017,1
457.0000000000354,110,126.99998387100158,126.99998387100248,1.0,42,4.006387994947697,42,4.974283667890923,6,4.489143043562366,0
458.00000000003564,110,126.9999838710016,126.99998387100248,1.0,42,3.471897946622647,118,4.992656493481302,27,4.530828557640279,1
459.00000000003587,61,126.99998387100156,126.99998387100253,1.0,118,3.1534489610136793,108,5.111052547796548,5,4.5093427344840915,1
460.0000000000361,0,126.99998387100202,126.9999838710022,1.0,3,2.817214267396078,3,5.137676216898549,66,4.522671069866928,0
461.0000000000363,0,126.999983871002,126.99998387100217,1.0,3,3.145664821406708,3,5.768600516872551,35,4.516483527550655,0
462.00000000003655,44,126.999983871002,126.99998387100237,1.0,23,3.0938990428151882,104,5.246866002359985,35,4.510178373027126,1
463.0000000000368,44,126.99998387100197,126.99998387100237,1.0,23,3.2396000585128175,3,4.867354900310409,98,4.558473950683117,1
464.000000000037,44,126.99998387100197,126.99998387100237,1.0,23,3.248286951623794,3,5.3968820253959215,110,4.495428703891859,1
465.00000000003723,44,126.99998387100193,126.99998387100237,1.0,23,3.20714907534512,84,4.730164873751344,66,4.539568331611324,1
466.00000000003746,44,126.99998387100194,126.99998387100237,1.0,23,2.9735727359554596,108,4.737717125509737,66,4.748038846410099,1
467.0000000000377,44,126.99998387100193,126.99998387100237,1.0,23,2.58747539838889,108,4.9243781926077625,66,4.8694528625071385,1
468.0000000000379,44,126.99998387100193,126.99998387100237,1.0,39,2.6228285254358488,39,4.965919928841579,34,4.900118904329195,0
469.00000000003814,44,126.99998387100199,126.99998387100237,1.0,39,2.748916278284212,39,5.263100748149973,66,4.843223738829359,0
470.00000000003837,44,126.99998387100196,126.99998387100234,1.0,80,2.7650722905675784,39,5.187491202515631,127,4.740669968463475,1
471.0000000000386,44,126.99998387100196,126.99998387100234,1.0,80,3.275521425471521,39,4.875732416298308,127,4.634134814774937,1
472.0000000000388,44,126.99998387100196,126.99998387100231,1.0,80,3.5234655819328577,60,5.293490334211846,12,4.590488996633953,1
473.00000000003905,44,126.99998387100192,126.99998387100231,1.0,80,3.3766816721593704,60,6.361528252554132,47,4.654059168441977,1
474.0000000000393,44,126.99998387100192,126.99998387100229,1.0,60,3.506609544153372,60,7.174927992129332,117,4.704390535238698,0
475.0000000000395,44,126.99998387100193,126.99998387100229,1.0,60,3.3686453690541067,60,7.001048168244308,117,4.797524203453666,0
476.00000000003973,44,126.9999838710019,126.99998387100229,1.0,88,3.0557140295464564,60,6.485602105687699,127,4.754775109755318,1
477.00000000003996,44,126.9999838710019,126.99998387100226,1.0,88,3.078343952806589,60,6.0479038120657505,49,4.742754501550754,1
478.0000000000402,44,126.9999838710019,126.99998387100226,1.0,80,2.909533438241745,60,5.981491079448036,49,4.937264319911049,1
479.0000000000404,24,126.99998387100207,126.99998387100209,1.0,88,3.1024333266287503,60,5.799265098302252,49,4.868923103887925,1
480.00000000004064,24,126.99998387100207,126.99998387100209,1.0,88,2.94934699933955,60,5.046559409762498,21,4.829124147981647,1
481.00000000004087,24,126.99998387100207,126.99998387100209,1.0,24,3.1758529413025287,24,5.208117482382004,21,4.8858320282213565,0
482.0000000000411,24,126.99998387100207,126.99998387100209,1.0,24,3.24770754655557,24,4.978882561717673,21,4.722143033072303,0
483.0000000000413,24,126.99998387100207,126.99998387100209,1.0,24,3.0704142306226516,24,4.094024029160762,49,4.56937097959857,0
484.00000000004155,24,126.99998387100207,126.99998387100209,1.0,62,3.265034701013524,62,4.6346076285413105,53,4.412267133975509,0
485.0000000000418,24,126.99998387100207,126.99998387100209,1.0,102,3.1544036341144337,62,4.5135190853420655,6,4.345701147303,1
486.000000000042,24,126.99998387100207,126.99998387100209,1.0,102,3.3292359933552427,41,4.1284387919583345,101,4.529850830610473,1
487.00000000004223,24,126.99998387100209,126.99998387100209,1.0,102,3.0908548128876068,41,4.266478038169092,12,4.832830216491638,1
488.00000000004246,44,126.99998387100206,126.99998387100214,1.0,30,2.9101427899486607,35,4.431500898832908,70,4.927054016542604,1
489.0000000000427,44,126.99998387100206,126.99998387100214,1.0,30,3.0231983586419022,35,5.2827572870516715,6,4.825656432529451,1
490.0000000000429,0,126.99998387100212,126.99998387100212,1.0,30,2.984574057357641,35,5.6250186113832665,6,4.75806839020675,1
491.00000000004314,0,126.99998387100212,126.99998387100212,1.0,30,3.1095848835875106,35,5.5852647701851375,6,4.607329967363475,1
492.00000000004337,0,126.99998387100212,126.99998387100212,1.0,80,3.0543010335886676,35,5.470430196122108,2,4.469377255223288,1
493.0000000000436,0,126.99998387100213,126.99998387100212,1.0,30,2.760240459178462,35,5.587754672110804,2,4.470627114817967,1
494.0000000000438,0,126.99998387100212,126.99998387100212,1.0,124,2.7281726948737135,35,5.516422541541128,2,4.417348697936879,1
495.00000000004405,0,126.99998387100212,126.99998387100212,1.0,124,2.6996641062940014,35,5.463262324933929,2,4.383445396277935,1
496.0000000000443,0,126.99998387100212,126.99998387100212,1.0,75,2.6922208727460846,35,5.621198406505369,2,4.385962004545615,1
497.0000000000445,0,126.99998387100212,126.99998387100212,1.0,124,2.700001615057201,35,5.571871476389798,57,4.375583656044732,1
498.00000000004474,0,126.99998387100212,126.99998387100212,1.0,124,2.7113123535872097,0,5.099559119744049,74,4.3747750040564535,1
499.00000000004496,0,126.99998387100212,126.99998387100212,1.0,124,2.695394269706343,0,5.375061240439159,74,4.385685447396965,1
500.0000000000452,0,126.99998387100212,126.99998387100212,1.0,4,3.1178846655010806,0,5.3925201885445375,13,4.4265286148280865,1
