t_step,t_physical,avg_degree,degree_50,degree_90,graph_radius_50,graph_radius_90,graph_diameter_est,reachable_fraction,eff_dist_mean,eff_dist_90,a_graph_90,a_eff_90
0,0.0,127.0,127.0,127.0,1.0,1.0,1.0,1.0,199.76638228520991,341.3691920388094,1.0,1.0
10,1.0,114.625,120.0,122.0,1.0,1.0,2.0,1.0,194.41256418469288,334.513454739851,1.0,0.9799169419536283
20,2.0,104.34375,114.0,117.0,1.0,1.2999999999999972,2.0,1.0,187.75248887486296,329.0299003712927,1.2999999999999972,0.9638535288031678
30,3.0,95.203125,109.0,111.0,2.0,2.0,2.0,1.0,181.68775554094228,319.19648935881537,2.0,0.9350477336646323
40,4.0,87.546875,103.0,107.0,2.0,2.0,2.0,1.0,176.6943259388794,306.322382195212,2.0,0.8973345847811217
50,5.0,80.15625,98.0,102.0,2.0,2.0,2.0,1.0,169.12283758719403,295.32125111280203,2.0,0.8651080941106944
60,6.0,72.484375,91.0,97.0,2.0,2.0,2.0,1.0,159.1603207564493,281.6613323424314,2.0,0.8250930046153961
70,7.0,65.734375,84.0,91.0,2.0,2.0,2.0,1.0,147.76170587922545,267.7659415397667,2.0,0.7843881281159228
80,8.0,61.34375,78.5,87.3,2.0,2.0,2.0,1.0,142.58374653715111,259.43899726458204,2.0,0.7599953461385791
90,9.0,57.296875,44.5,82.3,2.0,2.0,2.0,1.0,132.84884121739057,246.26457561763615,2.0,0.7214024620875541
100,10.0,53.4375,42.0,79.0,2.0,2.0,3.0,1.0,126.7956696044651,233.37068917865122,2.0,0.6836313721951801
110,11.0,50.609375,41.0,75.3,2.0,2.0,3.0,1.0,117.83804372785094,219.84573127011598,2.0,0.6440116343162047
120,12.0,47.171875,40.0,71.0,2.0,2.0,3.0,1.0,109.33379822249914,194.97826494380797,2.0,0.5711653819119137
130,13.0,44.6875,39.0,68.3,2.0,2.0,3.0,1.0,101.1422058516475,185.1487930732142,2.0,0.5423711260158623
140,14.0,42.84375,38.0,67.0,2.0,2.0,3.0,1.0,101.32987015510253,184.78007350986525,2.0,0.5412910063918658
150,15.0,41.546875,37.5,65.0,2.0,2.0,3.0,1.0,97.0020097786485,177.24245630959396,2.0,0.5192104631675248
160,16.0,39.515625,36.5,61.3,2.0,2.0,3.0,1.0,92.51447991042369,169.69139382034518,2.0,0.4970905335858586
170,17.0,36.8125,36.0,56.0,2.0,2.0,3.0,1.0,83.78526878781624,146.78138579058165,2.0,0.42997841988592356
180,18.0,34.84375,34.0,53.0,2.0,2.0,3.0,1.0,79.36692658328123,131.51423758704505,2.0,0.3852551450281241
190,19.0,33.109375,33.0,51.3,2.0,3.0,3.0,1.0,76.37687178672762,123.8012038946272,3.0,0.3626607402830674
200,20.0,31.265625,32.0,48.0,2.0,3.0,3.0,1.0,71.92208260289476,104.83943138408993,3.0,0.30711450777951577
210,21.0,29.5625,31.0,45.0,2.0,3.0,3.0,1.0,67.23302103980573,98.83335021171193,3.0,0.28952041518871396
220,22.0,28.234375,30.0,43.0,3.0,3.0,5.0,1.0,66.07944989458647,98.16949359625234,3.0,0.2875757270594345
230,23.0,26.65625,29.0,41.3,3.0,3.0,5.0,1.0,64.3886732421364,97.774204186416,3.0,0.2864177742650552
240,24.0,25.4375,28.0,40.0,3.0,3.0,5.0,1.0,62.8540001970305,97.06048315414208,3.0,0.2843270143226853
250,25.0,24.640625,27.0,37.3,3.0,3.0,5.0,1.0,59.80007084915593,94.76771754223729,3.0,0.2776106331571462
260,26.0,23.21875,26.0,35.0,3.0,3.0,5.0,1.0,58.66155562946364,93.72218308168345,3.0,0.27454786567567124
270,27.0,21.71875,23.5,34.0,3.0,3.0,5.0,1.0,58.8743916938545,94.21395982378847,3.0,0.275988466507773
280,28.0,21.109375,23.0,33.0,3.0,3.0,5.0,0.984375,55.634746521017874,91.64861766562905,3.0,0.2684736051260588
290,29.0,20.109375,22.5,32.0,3.0,3.0,5.0,0.984375,50.445842067306046,88.80517620930286,3.0,0.26014408529052857
300,30.0,19.359375,21.0,30.299999999999997,3.0,3.0,5.0,0.984375,46.31558313661621,84.99735502842242,3.0,0.2489895310141499
310,31.0,18.4375,20.5,29.0,3.0,3.0,5.0,0.984375,46.47623193554325,86.01060585745611,3.0,0.251957727479045
320,32.0,17.65625,20.0,29.0,3.0,3.0,5.0,0.984375,45.46473468464272,85.18100065399716,3.0,0.24952749879172795
330,33.0,17.078125,19.0,28.0,3.0,3.0,5.0,0.984375,45.73907903776948,86.3326006581944,3.0,0.2529009725294117
340,34.0,16.3125,18.5,27.0,3.0,3.0,5.0,0.96875,45.89074207482174,86.6159214824452,3.0,0.2537309268160264
350,35.0,15.234375,16.0,25.0,3.0,3.0,5.0,0.96875,45.468968218667,86.48098113322357,3.0,0.25333563528893893
360,36.0,14.296875,15.5,24.0,3.0,3.0,5.0,0.96875,45.23813247095271,87.2557590394462,3.0,0.2556052540017329
370,37.0,13.3125,14.0,23.0,3.0,4.0,5.0,0.96875,45.00618928891302,87.0720274044455,4.0,0.2550670342698837
380,38.0,12.734375,13.5,22.299999999999997,3.0,4.0,5.0,0.96875,44.81996531366453,87.25828415582401,4.0,0.255612651026528
390,39.0,11.796875,11.5,20.299999999999997,3.0,4.0,5.0,0.96875,44.13254766010555,87.94140036571018,4.0,0.25761375782180235
400,40.0,11.171875,11.0,20.0,3.0,4.0,5.0,0.96875,44.245989917279,88.78711928414458,4.0,0.2600911896995397
410,41.0,10.78125,10.0,20.0,3.0,4.0,5.0,0.96875,41.11765249645093,85.20694069772519,4.0,0.24960348703065807
420,42.0,10.125,9.5,19.0,3.0,4.0,5.0,0.96875,39.82672624307736,84.39754369836115,4.0,0.24723245584729336
430,43.0,9.515625,9.0,18.0,3.0,4.0,5.0,0.96875,40.568651945155786,84.47739297379884,4.0,0.2474663646981794
440,44.0,9.015625,8.0,18.0,3.0,4.0,5.0,0.953125,38.23196992688601,82.73122225523757,4.0,0.2423511675471642
450,45.0,8.328125,7.0,16.0,3.0,4.0,5.0,0.953125,35.75115753955751,80.09180110267333,4.0,0.234619300659
460,46.0,7.90625,7.0,16.0,3.0,4.0,5.0,0.953125,35.35900730071334,81.29577799539952,4.0,0.23814620619354898
470,47.0,7.640625,7.0,15.0,3.0,4.0,5.0,0.9375,34.74555452656511,79.92483512523233,4.0,0.23413019390497863
480,48.0,7.203125,6.0,14.0,3.0,4.0,5.0,0.9375,33.68468314247389,76.7096642622218,4.0,0.22471173747132073
490,49.0,6.703125,5.0,14.0,3.0,4.1000000000000085,6.0,0.9375,33.05733239390452,75.70147253972014,4.1000000000000085,0.22175836105067687
500,50.0,6.4375,5.0,13.299999999999997,3.0,4.1000000000000085,6.0,0.9375,32.09161212681279,75.04875527196114,4.1000000000000085,0.2198463043010309
510,51.0,5.96875,5.0,12.299999999999997,3.0,5.0,6.0,0.9375,31.316374508058452,74.29603706200547,5.0,0.21764130681587382
520,52.0,5.703125,5.0,12.0,3.0,5.0,6.0,0.9375,31.862642880651016,75.76896950183223,5.0,0.2219560852849845
530,53.0,5.484375,4.0,11.299999999999997,3.0,4.5,6.0,0.90625,30.624241313598645,75.27675369173014,4.5,0.2205141982559812
540,54.0,5.171875,4.0,10.0,3.0,5.0,6.0,0.90625,30.55665673778102,75.288705156359,5.0,0.22054920863450272
550,55.0,4.921875,4.0,10.0,3.0,5.0,8.0,0.90625,29.9897238622483,75.288705156359,5.0,0.22054920863450272
560,56.0,4.765625,4.0,10.0,4.0,5.0,8.0,0.90625,27.903078390996626,74.19843364115661,5.0,0.21735538933086024
570,57.0,4.5625,3.0,10.0,4.0,5.0,8.0,0.90625,27.71817349857241,74.51530736151473,5.0,0.21828363279203963
580,58.0,4.359375,3.0,9.299999999999997,4.0,6.0,9.0,0.890625,26.48904914060699,73.53943824193982,6.0,0.21542494155002515
590,59.0,4.25,3.0,9.299999999999997,4.0,6.0,9.0,0.875,26.048494854765007,73.58091108590052,6.0,0.215546431259489
600,60.0,4.15625,3.0,9.299999999999997,5.0,7.0,11.0,0.875,26.046085475939467,73.55056261655052,7.0,0.21545752906779223
610,61.0,4.09375,3.0,9.299999999999997,5.0,7.0,9.0,0.8359375,25.673418036395145,73.2774263924004,7.0,0.2146574093425211
620,62.0,3.8125,3.0,9.0,5.0,7.0,9.0,0.8359375,24.82009161924,70.07174368109135,7.0,0.205266747308366
630,63.0,3.734375,2.5,9.0,5.0,7.0,9.0,0.8359375,24.608385941447327,70.0589741364699,7.0,0.20522934046287655
640,64.0,3.609375,2.0,9.0,6.0,7.0,9.0,0.8359375,24.42111400098819,70.07174368109135,7.0,0.205266747308366
650,65.0,3.421875,2.0,8.0,6.0,7.0,9.0,0.8203125,25.29445436415478,73.55372856702728,7.0,0.21546680333902288
660,66.0,3.296875,2.0,8.0,6.0,7.0,9.0,0.8046875,23.140401022938704,70.07174368109135,7.0,0.205266747308366
670,67.0,3.171875,2.0,7.0,6.0,7.0,9.0,0.7890625,22.168921337312735,68.04089700080519,7.0,0.19931762615845483
680,68.0,3.078125,2.0,7.0,6.0,8.0,10.0,0.7890625,21.924745697964646,69.46248967700548,8.0,0.20348201096339258
690,69.0,2.9375,2.0,6.299999999999997,6.0,8.0,10.0,0.7734375,21.791134838154658,71.14597560889187,8.0,0.20841358056940143
700,70.0,2.890625,2.0,6.0,6.0,8.0,10.0,0.7734375,21.444929635005664,71.76945978017038,8.0,0.2102400024780534
710,71.0,2.859375,2.0,6.0,6.0,8.0,10.0,0.7734375,21.00497475912992,68.04089700080519,8.0,0.19931762615845483
720,72.0,2.671875,2.0,6.0,0.5,0.9,1.0,0.015625,19.580776365241064,68.04089700080519,0.9,0.19931762615845483
730,73.0,2.625,2.0,6.0,0.5,0.9,1.0,0.015625,20.623995496978864,72.9636910200025,0.9,0.21373835929431922
740,74.0,2.5625,2.0,5.0,0.5,0.9,1.0,0.015625,19.801272902176034,71.76945978017038,0.9,0.2102400024780534
750,75.0,2.53125,2.0,5.0,0.5,0.9,1.0,0.015625,19.529522205150247,70.07174368109135,0.9,0.205266747308366
760,76.0,2.5,2.0,5.0,0.5,0.9,1.0,0.015625,19.956985652749086,71.90723147552121,0.9,0.21064358809317002
770,77.0,2.375,2.0,5.0,0.5,0.9,1.0,0.015625,19.439652908647197,69.37530461571494,0.9,0.2032266128099452
780,78.0,2.34375,2.0,5.0,0.5,0.9,1.0,0.015625,19.786073542612147,70.21640005512646,0.9,0.20569050076183715
790,79.0,2.296875,2.0,5.0,0.5,0.9,1.0,0.015625,18.50542233783297,66.86312421403852,0.9,0.19586748240139087
800,80.0,2.234375,2.0,4.0,0.5,0.9,1.0,0.015625,18.34773046285092,67.59340003934754,0.9,0.19800673761931928
810,81.0,2.171875,2.0,4.0,0.5,0.9,1.0,0.015625,19.15595939570095,69.58423633532787,0.9,0.20383865315947147
820,82.0,2.03125,1.0,4.0,0.5,0.9,1.0,0.015625,18.04023761926995,69.85356638012688,0.9,0.2046276231400091
830,83.0,1.953125,1.0,4.0,0.5,0.9,1.0,0.015625,16.15329538180797,64.68415011452137,0.9,0.18948443978848448
840,84.0,1.890625,1.0,4.0,0.5,0.9,1.0,0.015625,14.88047023242535,63.95416327707577,0.9,0.18734603112575252
850,85.0,1.890625,1.0,4.0,0.5,0.9,1.0,0.015625,14.746821681618314,63.95416327707577,0.9,0.18734603112575252
860,86.0,1.875,1.0,3.299999999999997,0.5,0.9,1.0,0.015625,15.098835241542396,64.02716196082032,0.9,0.18755987199202567
870,87.0,1.828125,1.0,3.0,0.5,0.9,1.0,0.015625,14.599927654746757,60.848527275942764,0.9,0.17824844389890068
880,88.0,1.796875,1.0,3.0,0.5,0.9,1.0,0.015625,14.054465177425556,53.60204327329849,0.9,0.15702074036957797
890,89.0,1.75,1.0,3.0,0.5,0.9,1.0,0.015625,12.680218589325957,49.71472174142189,0.9,0.14563329937450814
900,90.0,1.71875,1.0,3.0,0.5,0.9,1.0,0.015625,11.578696894548868,37.900231851063246,0.9,0.1110241718788568
910,91.0,1.703125,1.0,3.0,0.5,0.9,1.0,0.015625,11.895389574438004,37.51291555252099,0.9,0.1098895753552835
920,92.0,1.671875,1.0,3.0,0.5,0.9,1.0,0.015625,11.084883903736696,29.921014444992245,0.9,0.08765001395202236
930,93.0,1.640625,1.0,3.0,0.5,0.9,1.0,0.015625,10.833653861747457,30.014800480759124,0.9,0.08792474886646133
940,94.0,1.609375,1.0,3.0,0.5,0.9,1.0,0.015625,9.387970251687724,20.724679162850432,0.9,0.06071045556007379
950,95.0,1.59375,1.0,3.0,0.5,0.9,1.0,0.015625,9.753370746393244,20.724679162850432,0.9,0.06071045556007379
960,96.0,1.578125,1.0,3.0,0.5,0.9,1.0,0.015625,9.738076021300387,30.014800480759124,0.9,0.08792474886646133
970,97.0,1.546875,1.0,3.0,0.5,0.9,1.0,0.015625,9.869632788346976,37.336331498012555,0.9,0.10937229360102269
980,98.0,1.5,1.0,2.299999999999997,0.5,0.9,1.0,0.015625,8.383268134034184,26.85620533203955,0.9,0.07867202418484893
990,99.0,1.5,1.0,2.299999999999997,0.5,0.9,1.0,0.015625,7.750346012653367,19.512188528489165,0.9,0.05715861004314319
1000,100.0,1.46875,1.0,2.0,0.5,0.9,1.0,0.015625,8.784357521141212,18.105918781091003,0.9,0.05303911191561946
1010,101.0,1.453125,1.0,2.0,0.5,0.9,1.0,0.015625,9.267281940134684,26.521512822489843,0.9,0.07769158272336034
1020,102.0,1.421875,1.0,2.0,0.5,0.9,1.0,0.015625,6.335729901000331,16.587115762520025,0.9,0.04858996110180405
1030,103.0,1.40625,1.0,2.0,0.5,0.9,1.0,0.015625,6.3023821720342985,16.28545679213032,0.9,0.0477062874211533
1040,104.0,1.40625,1.0,2.0,0.5,0.9,1.0,0.015625,6.334402556883247,16.28545679213032,0.9,0.0477062874211533
1050,105.0,1.390625,1.0,2.0,0.5,0.9,1.0,0.015625,6.838207759622002,16.352492118883593,0.9,0.04790265935018682
1060,106.0,1.375,1.0,2.0,0.5,0.9,1.0,0.015625,7.393834058368435,17.407544291584596,0.9,0.0509933078249357
1070,107.0,1.359375,1.0,2.0,0.5,0.9,1.0,0.015625,7.252363193425827,15.01646031148817,0.9,0.04398891482211139
1080,108.0,1.34375,1.0,2.0,0.5,0.9,1.0,0.015625,7.002169418252582,11.147942136213869,0.9,0.03265655599919072
1090,109.0,1.34375,1.0,2.0,0.5,0.9,1.0,0.015625,7.296854364835744,16.063563945509408,0.9,0.04705627900857316
1100,110.0,1.28125,1.0,2.0,0.5,0.9,1.0,0.015625,4.807428776867234,8.041952511239387,0.9,0.023557932873816915
1110,111.0,1.25,1.0,2.0,0.5,0.9,1.0,0.015625,3.0977561749610247,5.271242213413597,0.9,0.015441470221525798
1120,112.0,1.25,1.0,2.0,0.5,0.9,1.0,0.015625,3.2849559478652766,5.271242213413597,0.9,0.015441470221525798
1130,113.0,1.234375,1.0,2.0,0.5,0.9,1.0,0.015625,3.1414506476976922,4.3143895233482645,0.9,0.012638485323121286
1140,114.0,1.234375,1.0,2.0,0.5,0.9,1.0,0.015625,4.6493183501141715,4.3143895233482645,0.9,0.012638485323121286
1150,115.0,1.234375,1.0,2.0,0.5,0.9,1.0,0.015625,4.676450418986168,4.329112306279917,0.9,0.012681613945372526
1160,116.0,1.21875,1.0,2.0,0.5,0.9,1.0,0.015625,3.769743212110196,4.046764658167889,0.9,0.011854510461236416
1170,117.0,1.203125,1.0,2.0,0.5,0.9,1.0,0.015625,3.367107818937035,3.8487084659307262,0.9,0.011274328661425243
1180,118.0,1.203125,1.0,2.0,0.5,0.9,1.0,0.015625,3.3625021606978374,3.8487084659307262,0.9,0.011274328661425243
1190,119.0,1.1875,1.0,2.0,0.5,0.9,1.0,0.015625,3.0415245601927445,2.5327466701714703,0.9,0.007419376819111224
1200,120.0,1.1875,1.0,2.0,0.5,0.9,1.0,0.015625,3.0768057345576065,3.886486011076769,0.9,0.011384993437354255
1210,121.0,1.171875,1.0,2.0,0.5,0.9,1.0,0.015625,2.59764135808685,2.538624648960088,0.9,0.007436595651172524
1220,122.0,1.171875,1.0,2.0,0.5,0.9,1.0,0.015625,2.667006208258884,2.538624648960088,0.9,0.007436595651172524
1230,123.0,1.171875,1.0,2.0,0.5,0.9,1.0,0.015625,3.2658449653773256,2.538624648960088,0.9,0.007436595651172524
1240,124.0,1.171875,1.0,2.0,0.5,0.9,1.0,0.015625,3.580600870203904,2.538624648960088,0.9,0.007436595651172524
1250,125.0,1.15625,1.0,2.0,0.5,0.9,1.0,0.015625,3.202908639525158,2.0000000000000004,0.9,0.005858759509184489
1260,126.0,1.15625,1.0,2.0,0.5,0.9,1.0,0.015625,3.2162305951813392,2.0000000000000004,0.9,0.005858759509184489
1270,127.0,1.15625,1.0,2.0,0.5,0.9,1.0,0.015625,3.246390720720482,3.047655242175949,0.9,0.008927739565407147
1280,128.0,1.140625,1.0,2.0,0.5,0.9,1.0,0.015625,2.440120108639795,2.0,0.9,0.005858759509184488
1290,129.0,1.140625,1.0,2.0,0.5,0.9,1.0,0.015625,2.490203086418633,2.0,0.9,0.005858759509184488
1300,130.0,1.140625,1.0,2.0,0.5,0.9,1.0,0.015625,2.517600346692605,2.0,0.9,0.005858759509184488
1310,131.0,1.125,1.0,2.0,0.5,0.9,1.0,0.015625,1.794321335668519,2.0,0.9,0.005858759509184488
1320,132.0,1.125,1.0,2.0,0.5,0.9,1.0,0.015625,1.792993653427646,2.0,0.9,0.005858759509184488
1330,133.0,1.125,1.0,2.0,0.5,0.9,1.0,0.015625,1.792993653427646,2.0,0.9,0.005858759509184488
1340,134.0,1.125,1.0,2.0,0.5,0.9,1.0,0.015625,2.0416227560713605,2.0,0.9,0.005858759509184488
1350,135.0,1.109375,1.0,2.0,0.5,0.9,1.0,0.015625,1.6572258528788892,2.0,0.9,0.005858759509184488
1360,136.0,1.109375,1.0,2.0,0.5,0.9,1.0,0.015625,1.6721536642519983,2.0,0.9,0.005858759509184488
1370,137.0,1.109375,1.0,2.0,0.5,0.9,1.0,0.015625,1.7279829761751668,2.0512267395961636,0.9,0.006008822083051258
1380,138.0,1.109375,1.0,2.0,0.5,0.9,1.0,0.015625,1.7875175357088315,2.3170231929884126,0.9,0.006787440832460933
1390,139.0,1.109375,1.0,2.0,0.5,0.9,1.0,0.015625,1.9332674532367506,2.0000000000000004,0.9,0.005858759509184489
1400,140.0,1.109375,1.0,2.0,0.5,0.9,1.0,0.015625,2.0014718092283,2.0000000000000004,0.9,0.005858759509184489
1410,141.0,1.109375,1.0,2.0,0.5,0.9,1.0,0.015625,2.029640823312807,2.0000000000000004,0.9,0.005858759509184489
1420,142.0,1.09375,1.0,1.0,0.5,0.9,1.0,0.015625,1.7099770925909503,2.0000000000000004,0.9,0.005858759509184489
1430,143.0,1.09375,1.0,1.0,0.5,0.9,1.0,0.015625,1.7812329431239022,2.0000000000000004,0.9,0.005858759509184489
1440,144.0,1.078125,1.0,1.0,0.5,0.9,1.0,0.015625,1.37569192058679,2.0,0.9,0.005858759509184488
1450,145.0,1.078125,1.0,1.0,0.5,0.9,1.0,0.015625,1.404308293346606,2.0000000000000004,0.9,0.005858759509184489
1460,146.0,1.078125,1.0,1.0,0.5,0.9,1.0,0.015625,1.618725522008083,1.3535533905932737,0.9,0.0039650718991636235
1470,147.0,1.078125,1.0,1.0,0.5,0.9,1.0,0.015625,1.2202915790275362,1.2532228898473818,0.9,0.0036711657615105062
1480,148.0,1.078125,1.0,1.0,0.5,0.9,1.0,0.015625,1.249277086273913,1.5474873734152899,0.9,0.004533178182169878
1490,149.0,1.078125,1.0,1.0,0.5,0.9,1.0,0.015625,1.2751476956722443,1.5474873734152899,0.9,0.004533178182169878
1500,150.0,1.078125,1.0,1.0,0.5,0.9,1.0,0.015625,1.2751476956722443,1.5474873734152899,0.9,0.004533178182169878
1510,151.0,1.078125,1.0,1.0,0.5,0.9,1.0,0.015625,1.4021032839571448,1.2532228898473818,0.9,0.0036711657615105062
1520,152.0,1.078125,1.0,1.0,0.5,0.9,1.0,0.015625,1.3876105303339565,1.2102241038134287,0.9,0.0035452059882306
1530,153.0,1.078125,1.0,1.0,0.5,0.9,1.0,0.015625,2.2256544588572016,1.4471568726693977,0.9,0.00423927204451676
1540,154.0,1.078125,1.0,1.0,0.5,0.9,1.0,0.015625,2.2546399661035785,2.0,0.9,0.005858759509184488
1550,155.0,1.078125,1.0,1.0,0.5,0.9,1.0,0.015625,2.2546399661035785,2.0,0.9,0.005858759509184488
1560,156.0,1.078125,1.0,1.0,0.5,0.9,1.0,0.015625,2.2546399661035785,2.0,0.9,0.005858759509184488
1570,157.0,1.078125,1.0,1.0,0.5,0.9,1.0,0.015625,2.2546399661035785,2.0,0.9,0.005858759509184488
1580,158.0,1.078125,1.0,1.0,0.5,0.9,1.0,0.015625,2.2142417571030246,2.0,0.9,0.005858759509184488
1590,159.0,1.078125,1.0,1.0,0.5,0.9,1.0,0.015625,2.241276843714421,2.0,0.9,0.005858759509184488
1600,160.0,1.078125,1.0,1.0,0.5,0.9,1.0,0.015625,2.2619152405764025,2.0,0.9,0.005858759509184488
1610,161.0,1.078125,1.0,1.0,0.5,0.9,1.0,0.015625,2.2909007478227794,2.0,0.9,0.005858759509184488
1620,162.0,1.0625,1.0,1.0,0.5,0.9,1.0,0.015625,1.308899763208999,2.0,0.9,0.005858759509184488
1630,163.0,1.0625,1.0,1.0,0.5,0.9,1.0,0.015625,1.308899763208999,2.0,0.9,0.005858759509184488
1640,164.0,1.0625,1.0,1.0,0.5,0.9,1.0,0.015625,1.2941938808560578,1.910362756318057,0.9,0.0055961779822851524
1650,165.0,1.0625,1.0,1.0,0.5,0.9,1.0,0.015625,1.3072718849214169,1.910362756318057,0.9,0.0055961779822851524
1660,166.0,1.0625,1.0,1.0,0.5,0.9,1.0,0.015625,1.3072718849214169,1.910362756318057,0.9,0.0055961779822851524
1670,167.0,1.0625,1.0,1.0,0.5,0.9,1.0,0.015625,1.3072718849214169,1.910362756318057,0.9,0.0055961779822851524
1680,168.0,1.0625,1.0,1.0,0.5,0.9,1.0,0.015625,1.300764192030039,1.6037742249764153,0.9,0.0046980637455827775
1690,169.0,1.0625,1.0,1.0,0.5,0.9,1.0,0.015625,1.300764192030039,1.6037742249764153,0.9,0.0046980637455827775
1700,170.0,1.0625,1.0,1.0,0.5,0.9,1.0,0.015625,1.300764192030039,1.6037742249764153,0.9,0.0046980637455827775
1710,171.0,1.0625,1.0,1.0,0.5,0.9,1.0,0.015625,1.307016207331275,1.2970691346789052,0.9,0.0037996080634348653
1720,172.0,1.0625,1.0,1.0,0.5,0.9,1.0,0.015625,1.307016207331275,1.2970691346789052,0.9,0.0037996080634348653
1730,173.0,1.0625,1.0,1.0,0.5,0.9,1.0,0.015625,1.6743041709548483,1.910362756318057,0.9,0.0055961779822851524
1740,174.0,1.0625,1.0,1.0,0.5,0.9,1.0,0.015625,1.6180037720615221,1.2970691346789052,0.9,0.0037996080634348653
1750,175.0,1.0625,1.0,1.0,0.5,0.9,1.0,0.015625,1.6595982886019072,1.5871394516146937,0.9,0.00464933417727472
1760,176.0,1.0625,1.0,1.0,0.5,0.9,1.0,0.015625,1.6595982886019072,1.5871394516146937,0.9,0.00464933417727472
1770,177.0,1.0625,1.0,1.0,0.5,0.9,1.0,0.015625,1.6595982886019072,1.5871394516146937,0.9,0.00464933417727472
1780,178.0,1.0625,1.0,1.0,0.5,0.9,1.0,0.015625,1.6595982886019072,1.5871394516146937,0.9,0.00464933417727472
1790,179.0,1.0625,1.0,1.0,0.5,0.9,1.0,0.015625,1.6858493481384489,1.5306551957003254,0.9,0.004483870341545962
1800,180.0,1.0625,1.0,1.0,0.5,0.9,1.0,0.015625,1.7088982674832558,1.7054044872443437,0.9,0.0049957773783243465
1810,181.0,1.0625,1.0,1.0,0.5,0.9,1.0,0.015625,1.7088982674832558,1.7054044872443437,0.9,0.0049957773783243465
1820,182.0,1.0625,1.0,1.0,0.5,0.9,1.0,0.015625,1.6941923851303147,1.220367038505259,0.9,0.003574918495768999
1830,183.0,1.0625,1.0,1.0,0.5,0.9,1.0,0.015625,1.6242390254242722,1.0149625512609153,0.9,0.0029732107493330175
1840,184.0,1.0625,1.0,1.0,0.5,0.9,1.0,0.015625,1.656829397124009,1.1466152870138513,0.9,0.003358871608084351
1850,185.0,1.0625,1.0,1.0,0.5,0.9,1.0,0.015625,1.656829397124009,1.1466152870138513,0.9,0.003358871608084351
1860,186.0,1.046875,1.0,1.0,0.5,0.9,1.0,0.015625,1.1675058144756854,1.00362369394614,0.9,0.002939994930274905
1870,187.0,1.046875,1.0,1.0,0.5,0.9,1.0,0.015625,1.152580441341357,1.0000000000000002,0.9,0.0029293797545922443
1880,188.0,1.046875,1.0,1.0,0.5,0.9,1.0,0.015625,1.1895247993212785,1.0000000000000002,0.9,0.0029293797545922443
1890,189.0,1.046875,1.0,1.0,0.5,0.9,1.0,0.015625,1.1725828481953535,1.0000000000000002,0.9,0.0029293797545922443
1900,190.0,1.046875,1.0,1.0,0.5,0.9,1.0,0.015625,1.1725828481953535,1.0000000000000002,0.9,0.0029293797545922443
1910,191.0,1.046875,1.0,1.0,0.5,0.9,1.0,0.015625,1.232284340732667,1.00362369394614,0.9,0.002939994930274905
1920,192.0,1.046875,1.0,1.0,0.5,0.9,1.0,0.015625,1.232284340732667,1.00362369394614,0.9,0.002939994930274905
1930,193.0,1.046875,1.0,1.0,0.5,0.9,1.0,0.015625,1.232284340732667,1.00362369394614,0.9,0.002939994930274905
1940,194.0,1.046875,1.0,1.0,0.5,0.9,1.0,0.015625,1.2621350870013235,2.0,0.9,0.005858759509184488
1950,195.0,1.046875,1.0,1.0,0.5,0.9,1.0,0.015625,1.2919858332699803,2.0,0.9,0.005858759509184488
1960,196.0,1.046875,1.0,1.0,0.5,0.9,1.0,0.015625,1.2770604601356519,2.0,0.9,0.005858759509184488
1970,197.0,1.046875,1.0,1.0,0.5,0.9,1.0,0.015625,1.276983195872408,2.0,0.9,0.005858759509184488
1980,198.0,1.046875,1.0,1.0,0.5,0.9,1.0,0.015625,1.276983195872408,2.0,0.9,0.005858759509184488
1990,199.0,1.046875,1.0,1.0,0.5,0.9,1.0,0.015625,1.2149453271128507,2.0,0.9,0.005858759509184488
2000,200.0,1.046875,1.0,1.0,0.5,0.9,1.0,0.015625,1.229870700247179,2.0,0.9,0.005858759509184488
2010,201.0,1.046875,1.0,1.0,0.5,0.9,1.0,0.015625,1.1194029850746268,2.0,0.9,0.005858759509184488
2020,202.0,1.046875,1.0,1.0,0.5,0.9,1.0,0.015625,1.1194029850746268,2.0,0.9,0.005858759509184488
2030,203.0,1.046875,1.0,1.0,0.5,0.9,1.0,0.015625,1.1194029850746268,2.0,0.9,0.005858759509184488
2040,204.0,1.046875,1.0,1.0,0.5,0.9,1.0,0.015625,1.1044776119402986,1.7000000000000028,0.9,0.004979945582806823
2050,205.0,1.046875,1.0,1.0,0.5,0.9,1.0,0.015625,1.1044776119402986,1.7000000000000028,0.9,0.004979945582806823
2060,206.0,1.046875,1.0,1.0,0.5,0.9,1.0,0.015625,1.1343283582089552,2.0,0.9,0.005858759509184488
2070,207.0,1.046875,1.0,1.0,0.5,0.9,1.0,0.015625,1.1343283582089552,2.0,0.9,0.005858759509184488
2080,208.0,1.046875,1.0,1.0,0.5,0.9,1.0,0.015625,1.1343283582089552,2.0,0.9,0.005858759509184488
2090,209.0,1.046875,1.0,1.0,0.5,0.9,1.0,0.015625,1.164179104477612,2.0,0.9,0.005858759509184488
2100,210.0,1.046875,1.0,1.0,0.5,0.9,1.0,0.015625,1.164179104477612,2.0,0.9,0.005858759509184488
2110,211.0,1.046875,1.0,1.0,0.5,0.9,1.0,0.015625,1.1940298507462686,2.0,0.9,0.005858759509184488
2120,212.0,1.046875,1.0,1.0,0.5,0.9,1.0,0.015625,1.1791044776119404,2.0,0.9,0.005858759509184488
2130,213.0,1.046875,1.0,1.0,0.5,0.9,1.0,0.015625,1.1967459778408875,2.0,0.9,0.005858759509184488
2140,214.0,1.046875,1.0,1.0,0.5,0.9,1.0,0.015625,1.1818206047065591,2.0,0.9,0.005858759509184488
2150,215.0,1.046875,1.0,1.0,0.5,0.9,1.0,0.015625,1.1994621049355063,2.0,0.9,0.005858759509184488
2160,216.0,1.046875,1.0,1.0,0.5,0.9,1.0,0.015625,1.184536731801178,2.0,0.9,0.005858759509184488
2170,217.0,1.046875,1.0,1.0,0.5,0.9,1.0,0.015625,1.1273960284467572,1.3535533905932737,0.9,0.0039650718991636235
2180,218.0,1.046875,1.0,1.0,0.5,0.9,1.0,0.015625,1.0702553250923366,1.0000000000000002,0.9,0.0029293797545922443
2190,219.0,1.046875,1.0,1.0,0.5,0.9,1.0,0.015625,1.0702553250923366,1.0000000000000002,0.9,0.0029293797545922443
2200,220.0,1.046875,1.0,1.0,0.5,0.9,1.0,0.015625,1.0553299519580082,1.0000000000000002,0.9,0.0029293797545922443
2210,221.0,1.046875,1.0,1.0,0.5,0.9,1.0,0.015625,1.085180698226665,1.2474873734152925,0.9,0.0036543642557922123
2220,222.0,1.046875,1.0,1.0,0.5,0.9,1.0,0.015625,1.085180698226665,1.2474873734152925,0.9,0.0036543642557922123
2230,223.0,1.046875,1.0,1.0,0.5,0.9,1.0,0.015625,1.085180698226665,1.2474873734152925,0.9,0.0036543642557922123
2240,224.0,1.046875,1.0,1.0,0.5,0.9,1.0,0.015625,1.085180698226665,1.2474873734152925,0.9,0.0036543642557922123
2250,225.0,1.046875,1.0,1.0,0.5,0.9,1.0,0.015625,1.085180698226665,1.2474873734152925,0.9,0.0036543642557922123
2260,226.0,1.046875,1.0,1.0,0.5,0.9,1.0,0.015625,1.0702553250923366,1.0000000000000002,0.9,0.0029293797545922443
2270,227.0,1.046875,1.0,1.0,0.5,0.9,1.0,0.015625,1.0702553250923366,1.0000000000000002,0.9,0.0029293797545922443
2280,228.0,1.046875,1.0,1.0,0.5,0.9,1.0,0.015625,1.0702553250923366,1.0000000000000002,0.9,0.0029293797545922443
2290,229.0,1.046875,1.0,1.0,0.5,0.9,1.0,0.015625,1.0553299519580082,1.0000000000000002,0.9,0.0029293797545922443
2300,230.0,1.046875,1.0,1.0,0.5,0.9,1.0,0.015625,1.0553299519580082,1.0000000000000002,0.9,0.0029293797545922443
2310,231.0,1.046875,1.0,1.0,0.5,0.9,1.0,0.015625,1.085180698226665,1.2474873734152925,0.9,0.0036543642557922123
2320,232.0,1.046875,1.0,1.0,0.5,0.9,1.0,0.015625,1.0948291550834817,1.2474873734152925,0.9,0.0036543642557922123
2330,233.0,1.046875,1.0,1.0,0.5,0.9,1.0,0.015625,1.0948291550834817,1.2474873734152925,0.9,0.0036543642557922123
2340,234.0,1.046875,1.0,1.0,0.5,0.9,1.0,0.015625,1.1246799013521385,2.0,0.9,0.005858759509184488
2350,235.0,1.046875,1.0,1.0,0.5,0.9,1.0,0.015625,1.10975452821781,1.8060660171779839,0.9,0.0052906532261782335
2360,236.0,1.046875,1.0,1.0,0.5,0.9,1.0,0.015625,1.064978408814825,1.0000000000000002,0.9,0.0029293797545922443
2370,237.0,1.046875,1.0,1.0,0.5,0.9,1.0,0.015625,1.0597014925373134,1.0000000000000002,0.9,0.0029293797545922443
2380,238.0,1.046875,1.0,1.0,0.5,0.9,1.0,0.015625,1.0597014925373134,1.0000000000000002,0.9,0.0029293797545922443
2390,239.0,1.046875,1.0,1.0,0.5,0.9,1.0,0.015625,1.092268365900589,1.0000000000000002,0.9,0.0029293797545922443
2400,240.0,1.046875,1.0,1.0,0.5,0.9,1.0,0.015625,1.092268365900589,1.0000000000000002,0.9,0.0029293797545922443
2410,241.0,1.046875,1.0,1.0,0.5,0.9,1.0,0.015625,1.1221191121692458,1.2474873734152927,0.9,0.003654364255792213
2420,242.0,1.046875,1.0,1.0,0.5,0.9,1.0,0.015625,1.1071937390349174,1.0000000000000002,0.9,0.0029293797545922443
2430,243.0,1.046875,1.0,1.0,0.5,0.9,1.0,0.015625,1.1124706553124288,1.2474873734152927,0.9,0.003654364255792213
2440,244.0,1.046875,1.0,1.0,0.5,0.9,1.0,0.015625,1.1450375286757044,1.3535533905932737,0.9,0.0039650718991636235
2450,245.0,1.046875,1.0,1.0,0.5,0.9,1.0,0.015625,1.1450375286757044,1.3535533905932737,0.9,0.0039650718991636235
2460,246.0,1.046875,1.0,1.0,0.5,0.9,1.0,0.015625,1.2025930692927296,2.0,0.9,0.005858759509184488
2470,247.0,1.046875,1.0,1.0,0.5,0.9,1.0,0.015625,1.2256820429078321,2.0,0.9,0.005858759509184488
2480,248.0,1.046875,1.0,1.0,0.5,0.9,1.0,0.015625,1.2107566697735037,1.8060660171779839,0.9,0.0052906532261782335
2490,249.0,1.046875,1.0,1.0,0.5,0.9,1.0,0.015625,1.2107566697735037,1.8060660171779839,0.9,0.0052906532261782335
2500,250.0,1.046875,1.0,1.0,0.5,0.9,1.0,0.015625,1.1958312966391753,1.3535533905932737,0.9,0.0039650718991636235
2510,251.0,1.046875,1.0,1.0,0.5,0.9,1.0,0.015625,1.180905923504847,1.3535533905932737,0.9,0.0039650718991636235
2520,252.0,1.046875,1.0,1.0,0.5,0.9,1.0,0.015625,1.1756290072273354,1.2474873734152927,0.9,0.003654364255792213
2530,253.0,1.046875,1.0,1.0,0.5,0.9,1.0,0.015625,1.1756290072273354,1.2474873734152927,0.9,0.003654364255792213
2540,254.0,1.046875,1.0,1.0,0.5,0.9,1.0,0.015625,1.2621351296239527,1.3535533905932737,0.9,0.0039650718991636235
2550,255.0,1.046875,1.0,1.0,0.5,0.9,1.0,0.015625,1.2621351296239527,1.3535533905932737,0.9,0.0039650718991636235
2560,256.0,1.046875,1.0,1.0,0.5,0.9,1.0,0.015625,1.256858213346441,1.287536281325217,0.9,0.003771682715817074
2570,257.0,1.046875,1.0,1.0,0.5,0.9,1.0,0.015625,1.256858213346441,1.287536281325217,0.9,0.003771682715817074
2580,258.0,1.046875,1.0,1.0,0.5,0.9,1.0,0.015625,1.145054616844653,1.093447451789825,0.9,0.003203122827983592
2590,259.0,1.046875,1.0,1.0,0.5,0.9,1.0,0.015625,1.145054616844653,1.093447451789825,0.9,0.003203122827983592
2600,260.0,1.046875,1.0,1.0,0.5,0.9,1.0,0.015625,1.1301292437103245,1.0000000000000002,0.9,0.0029293797545922443
2610,261.0,1.046875,1.0,1.0,0.5,0.9,1.0,0.015625,1.1281367607297312,1.0000000000000002,0.9,0.0029293797545922443
2620,262.0,1.046875,1.0,1.0,0.5,0.9,1.0,0.015625,1.1281367607297312,1.0000000000000002,0.9,0.0029293797545922443
2630,263.0,1.046875,1.0,1.0,0.5,0.9,1.0,0.015625,1.1607036340930068,1.0000000000000002,0.9,0.0029293797545922443
2640,264.0,1.046875,1.0,1.0,0.5,0.9,1.0,0.015625,1.187346500488303,1.0000000000000002,0.9,0.0029293797545922443
2650,265.0,1.046875,1.0,1.0,0.5,0.9,1.0,0.015625,1.2589272497505923,1.093447451789825,0.9,0.003203122827983592
2660,266.0,1.046875,1.0,1.0,0.5,0.9,1.0,0.015625,1.4518589104571515,1.0341430390444246,0.9,0.0030293976819292336
2670,267.0,1.046875,1.0,1.0,0.5,0.9,1.0,0.015625,1.4904936761271566,1.0341430390444246,0.9,0.0030293976819292336
2680,268.0,1.046875,1.0,1.0,0.5,0.9,1.0,0.015625,1.576110038491655,2.0,0.9,0.005858759509184488
2690,269.0,1.046875,1.0,1.0,0.5,0.9,1.0,0.015625,1.576110038491655,2.0,0.9,0.005858759509184488
2700,270.0,1.046875,1.0,1.0,0.5,0.9,1.0,0.015625,1.5724974270852787,2.0,0.9,0.005858759509184488
2710,271.0,1.046875,1.0,1.0,0.5,0.9,1.0,0.015625,1.5724974270852787,2.0,0.9,0.005858759509184488
2720,272.0,1.046875,1.0,1.0,0.5,0.9,1.0,0.015625,1.5575720539509506,1.763067231144031,0.9,0.005164693452898328
2730,273.0,1.046875,1.0,1.0,0.5,0.9,1.0,0.015625,1.5426466808166222,1.1471568726694008,0.9,0.003360458118139095
2740,274.0,1.03125,1.0,1.0,0.5,0.9,1.0,0.015625,1.303747801145719,1.935355339059331,0.9,0.005669390748182412
2750,275.0,1.03125,1.0,1.0,0.5,0.9,1.0,0.015625,1.303747801145719,1.935355339059331,0.9,0.005669390748182412
2760,276.0,1.03125,1.0,1.0,0.5,0.9,1.0,0.015625,1.3307943473348833,1.9210224103813474,0.9,0.0056274041570891125
2770,277.0,1.03125,1.0,1.0,0.5,0.9,1.0,0.015625,1.3307943473348833,1.9210224103813474,0.9,0.0056274041570891125
2780,278.0,1.03125,1.0,1.0,0.5,0.9,1.0,0.015625,1.4141890753647584,1.9210224103813474,0.9,0.0056274041570891125
2790,279.0,1.03125,1.0,1.0,0.5,0.9,1.0,0.015625,1.4141890753647584,1.9210224103813474,0.9,0.0056274041570891125
2800,280.0,1.03125,1.0,1.0,0.5,0.9,1.0,0.015625,1.4141890753647584,1.9210224103813474,0.9,0.0056274041570891125
2810,281.0,1.03125,1.0,1.0,0.5,0.9,1.0,0.015625,1.3990375602132432,1.1988405110908862,0.9,0.00351185912217466
2820,282.0,1.03125,1.0,1.0,0.5,0.9,1.0,0.015625,1.3990375602132432,1.1988405110908862,0.9,0.00351185912217466
2830,283.0,1.03125,1.0,1.0,0.5,0.9,1.0,0.015625,1.3269644017282296,1.0877523157451858,0.9,0.0031864396117547776
2840,284.0,1.03125,1.0,1.0,0.5,0.9,1.0,0.015625,1.165579498469326,1.0000000000000002,0.9,0.0029293797545922443
2850,285.0,1.03125,1.0,1.0,0.5,0.9,1.0,0.015625,1.165579498469326,1.0000000000000002,0.9,0.0029293797545922443
2860,286.0,1.03125,1.0,1.0,0.5,0.9,1.0,0.015625,1.165579498469326,1.0000000000000002,0.9,0.0029293797545922443
2870,287.0,1.03125,1.0,1.0,0.5,0.9,1.0,0.015625,1.1504279833178108,1.0000000000000002,0.9,0.0029293797545922443
2880,288.0,1.03125,1.0,1.0,0.5,0.9,1.0,0.015625,1.1803072474379743,1.0000000000000002,0.9,0.0029293797545922443
2890,289.0,1.03125,1.0,1.0,0.5,0.9,1.0,0.015625,1.1480123418579302,1.009026611343898,0.9,0.0029558221271156313
2900,290.0,1.03125,1.0,1.0,0.5,0.9,1.0,0.015625,1.1480494110269797,1.009026611343898,0.9,0.0029558221271156313
2910,291.0,1.03125,1.0,1.0,0.5,0.9,1.0,0.015625,1.1328978958754645,1.0000000000000002,0.9,0.0029293797545922443
2920,292.0,1.03125,1.0,1.0,0.5,0.9,1.0,0.015625,1.1658062435600034,1.0000000000000002,0.9,0.0029293797545922443
2930,293.0,1.03125,1.0,1.0,0.5,0.9,1.0,0.015625,1.1961092738630337,1.8775836033426996,0.9,0.005500155395186458
2940,294.0,1.03125,1.0,1.0,0.5,0.9,1.0,0.015625,1.1961092738630337,1.8775836033426996,0.9,0.005500155395186458
2950,295.0,1.03125,1.0,1.0,0.5,0.9,1.0,0.015625,1.2231558200521984,1.8632506746647157,0.9,0.005458168804093158
2960,296.0,1.03125,1.0,1.0,0.5,0.9,1.0,0.015625,1.2231558200521984,1.8632506746647157,0.9,0.005458168804093158
2970,297.0,1.03125,1.0,1.0,0.5,0.9,1.0,0.015625,1.2913990329305585,1.0867493589291972,0.9,0.00318350157036329
2980,298.0,1.03125,1.0,1.0,0.5,0.9,1.0,0.015625,1.2031350575201993,1.0000000000000002,0.9,0.0029293797545922443
2990,299.0,1.03125,1.0,1.0,0.5,0.9,1.0,0.015625,1.5512499291323651,1.0000000000000002,0.9,0.0029293797545922443
3000,300.0,1.03125,1.0,1.0,0.5,0.9,1.0,0.015625,1.5512499291323651,1.0000000000000002,0.9,0.0029293797545922443
3010,301.0,1.03125,1.0,1.0,0.5,0.9,1.0,0.015625,1.5507965184880952,1.0000000000000002,0.9,0.0029293797545922443
3020,302.0,1.03125,1.0,1.0,0.5,0.9,1.0,0.015625,1.5507965184880952,1.0000000000000002,0.9,0.0029293797545922443
3030,303.0,1.03125,1.0,1.0,0.5,0.9,1.0,0.015625,1.0444819573111677,1.0000000000000002,0.9,0.0029293797545922443
3040,304.0,1.03125,1.0,1.0,0.5,0.9,1.0,0.015625,1.074784987614198,1.0000000000000002,0.9,0.0029293797545922443
3050,305.0,1.03125,1.0,1.0,0.5,0.9,1.0,0.015625,1.1050880179172284,1.842228264283374,0.9,0.005396586180729326
3060,306.0,1.03125,1.0,1.0,0.5,0.9,1.0,0.015625,1.1353910482202587,2.0,0.9,0.005858759509184488
3070,307.0,1.03125,1.0,1.0,0.5,0.9,1.0,0.015625,1.1353910482202587,2.0,0.9,0.005858759509184488
3080,308.0,1.03125,1.0,1.0,0.5,0.9,1.0,0.015625,1.1353910482202587,2.0,0.9,0.005858759509184488
3090,309.0,1.03125,1.0,1.0,0.5,0.9,1.0,0.015625,1.1050880179172284,1.842228264283374,0.9,0.005396586180729326
3100,310.0,1.03125,1.0,1.0,0.5,0.9,1.0,0.015625,1.1353910482202587,2.0,0.9,0.005858759509184488
3110,311.0,1.03125,1.0,1.0,0.5,0.9,1.0,0.015625,1.1353910482202587,2.0,0.9,0.005858759509184488
3120,312.0,1.03125,1.0,1.0,0.5,0.9,1.0,0.015625,1.106060606060606,1.9000000000000057,0.9,0.0055658215337252796
3130,313.0,1.03125,1.0,1.0,0.5,0.9,1.0,0.015625,1.0909090909090908,1.0000000000000002,0.9,0.0029293797545922443
3140,314.0,1.03125,1.0,1.0,0.5,0.9,1.0,0.015625,1.0757575757575757,1.0000000000000002,0.9,0.0029293797545922443
3150,315.0,1.03125,1.0,1.0,0.5,0.9,1.0,0.015625,1.0606060606060606,1.0000000000000002,0.9,0.0029293797545922443
3160,316.0,1.03125,1.0,1.0,0.5,0.9,1.0,0.015625,1.0757575757575757,1.0000000000000002,0.9,0.0029293797545922443
3170,317.0,1.03125,1.0,1.0,0.5,0.9,1.0,0.015625,1.0757575757575757,1.0000000000000002,0.9,0.0029293797545922443
3180,318.0,1.03125,1.0,1.0,0.5,0.9,1.0,0.015625,1.0757575757575757,1.0000000000000002,0.9,0.0029293797545922443
3190,319.0,1.03125,1.0,1.0,0.5,0.9,1.0,0.015625,1.0909090909090908,1.0000000000000002,0.9,0.0029293797545922443
3200,320.0,1.03125,1.0,1.0,0.5,0.9,1.0,0.015625,1.0757575757575757,1.0000000000000002,0.9,0.0029293797545922443
3210,321.0,1.03125,1.0,1.0,0.5,0.9,1.0,0.015625,1.1088178865960525,1.0000000000000002,0.9,0.0029293797545922443
3220,322.0,1.03125,1.0,1.0,0.5,0.9,1.0,0.015625,1.1088178865960525,1.0000000000000002,0.9,0.0029293797545922443
3230,323.0,1.03125,1.0,1.0,0.5,0.9,1.0,0.015625,1.1088178865960525,1.0000000000000002,0.9,0.0029293797545922443
3240,324.0,1.03125,1.0,1.0,0.5,0.9,1.0,0.015625,1.1088178865960525,1.0000000000000002,0.9,0.0029293797545922443
3250,325.0,1.03125,1.0,1.0,0.5,0.9,1.0,0.015625,1.1088178865960525,1.0000000000000002,0.9,0.0029293797545922443
3260,326.0,1.03125,1.0,1.0,0.5,0.9,1.0,0.015625,1.1358644327852168,1.0000000000000002,0.9,0.0029293797545922443
3270,327.0,1.03125,1.0,1.0,0.5,0.9,1.0,0.015625,1.1358644327852168,1.0000000000000002,0.9,0.0029293797545922443
3280,328.0,1.03125,1.0,1.0,0.5,0.9,1.0,0.015625,1.1358644327852168,1.0000000000000002,0.9,0.0029293797545922443
3290,329.0,1.03125,1.0,1.0,0.5,0.9,1.0,0.015625,1.1175277039395588,1.0000000000000002,0.9,0.0029293797545922443
3300,330.0,1.03125,1.0,1.0,0.5,0.9,1.0,0.015625,1.2861360875373653,1.0651579746545148,0.9,0.003120252206395414
3310,331.0,1.03125,1.0,1.0,0.5,0.9,1.0,0.015625,1.2861360875373653,1.0651579746545148,0.9,0.003120252206395414
3320,332.0,1.03125,1.0,1.0,0.5,0.9,1.0,0.015625,1.285039151937121,1.0000000000000002,0.9,0.0029293797545922443
3330,333.0,1.03125,1.0,1.0,0.5,0.9,1.0,0.015625,1.285039151937121,1.0000000000000002,0.9,0.0029293797545922443
3340,334.0,1.03125,1.0,1.0,0.5,0.9,1.0,0.015625,1.2698876367856058,1.0000000000000002,0.9,0.0029293797545922443
3350,335.0,1.03125,1.0,1.0,0.5,0.9,1.0,0.015625,1.2547361216340907,1.0000000000000002,0.9,0.0029293797545922443
3360,336.0,1.03125,1.0,1.0,0.5,0.9,1.0,0.015625,1.285039151937121,1.0000000000000002,0.9,0.0029293797545922443
3370,337.0,1.03125,1.0,1.0,0.5,0.9,1.0,0.015625,1.939801679020711,1.0157868785874882,0.9,0.0029756255171146375
3380,338.0,1.03125,1.0,1.0,0.5,0.9,1.0,0.015625,1.939801679020711,1.0157868785874882,0.9,0.0029756255171146375
3390,339.0,1.03125,1.0,1.0,0.5,0.9,1.0,0.015625,1.9698389369569487,2.0,0.9,0.005858759509184488
3400,340.0,1.03125,1.0,1.0,0.5,0.9,1.0,0.015625,1.9546874218054335,1.9000000000000057,0.9,0.0055658215337252796
3410,341.0,1.03125,1.0,1.0,0.5,0.9,1.0,0.015625,2.014794278833074,1.9210224103813474,0.9,0.0056274041570891125
3420,342.0,1.03125,1.0,1.0,0.5,0.9,1.0,0.015625,2.0967285799449495,1.9000000000000057,0.9,0.0055658215337252796
3430,343.0,1.03125,1.0,1.0,0.5,0.9,1.0,0.015625,1.9395359066539184,1.0000000000000002,0.9,0.0029293797545922443
3440,344.0,1.03125,1.0,1.0,0.5,0.9,1.0,0.015625,1.9395359066539184,1.0000000000000002,0.9,0.0029293797545922443
3450,345.0,1.03125,1.0,1.0,0.5,0.9,1.0,0.015625,1.9243843915024033,1.0000000000000002,0.9,0.0029293797545922443
3460,346.0,1.03125,1.0,1.0,0.5,0.9,1.0,0.015625,1.9243843915024033,1.0000000000000002,0.9,0.0029293797545922443
3470,347.0,1.03125,1.0,1.0,0.5,0.9,1.0,0.015625,1.9243843915024033,1.0000000000000002,0.9,0.0029293797545922443
3480,348.0,1.03125,1.0,1.0,0.5,0.9,1.0,0.015625,1.9092328763508881,1.0000000000000002,0.9,0.0029293797545922443
3490,349.0,1.03125,1.0,1.0,0.5,0.9,1.0,0.015625,1.9092328763508881,1.0000000000000002,0.9,0.0029293797545922443
3500,350.0,1.03125,1.0,1.0,0.5,0.9,1.0,0.015625,1.8940813611993728,1.0000000000000002,0.9,0.0029293797545922443
3510,351.0,1.03125,1.0,1.0,0.5,0.9,1.0,0.015625,1.9243843915024033,1.0000000000000002,0.9,0.0029293797545922443
3520,352.0,1.03125,1.0,1.0,0.5,0.9,1.0,0.015625,1.9243843915024033,1.0000000000000002,0.9,0.0029293797545922443
3530,353.0,1.03125,1.0,1.0,0.5,0.9,1.0,0.015625,1.9243843915024033,1.0000000000000002,0.9,0.0029293797545922443
3540,354.0,1.015625,1.0,1.0,0.5,0.9,1.0,0.015625,1.061573282392748,1.0000000000000002,0.9,0.0029293797545922443
3550,355.0,1.015625,1.0,1.0,0.5,0.9,1.0,0.015625,1.061573282392748,1.0000000000000002,0.9,0.0029293797545922443
3560,356.0,1.015625,1.0,1.0,0.5,0.9,1.0,0.015625,1.061573282392748,1.0000000000000002,0.9,0.0029293797545922443
3570,357.0,1.015625,1.0,1.0,0.5,0.9,1.0,0.015625,1.0461886670081324,1.0000000000000002,0.9,0.0029293797545922443
3580,358.0,1.015625,1.0,1.0,0.5,0.9,1.0,0.015625,1.0153846153846153,1.0000000000000002,0.9,0.0029293797545922443
3590,359.0,1.015625,1.0,1.0,0.5,0.9,1.0,0.015625,1.0153846153846153,1.0000000000000002,0.9,0.0029293797545922443
3600,360.0,1.015625,1.0,1.0,0.5,0.9,1.0,0.015625,1.0153846153846153,1.0000000000000002,0.9,0.0029293797545922443
3610,361.0,1.015625,1.0,1.0,0.5,0.9,1.0,0.015625,1.0153846153846153,1.0000000000000002,0.9,0.0029293797545922443
3620,362.0,1.015625,1.0,1.0,0.5,0.9,1.0,0.015625,1.0489535463898378,1.0000000000000002,0.9,0.0029293797545922443
3630,363.0,1.015625,1.0,1.0,0.5,0.9,1.0,0.015625,1.0797227771590687,1.0000000000000002,0.9,0.0029293797545922443
3640,364.0,1.015625,1.0,1.0,0.5,0.9,1.0,0.015625,1.0797227771590687,1.0000000000000002,0.9,0.0029293797545922443
3650,365.0,1.015625,1.0,1.0,0.5,0.9,1.0,0.015625,1.1104920079282994,1.0000000000000002,0.9,0.0029293797545922443
3660,366.0,1.015625,1.0,1.0,0.5,0.9,1.0,0.015625,1.095107392543684,1.0000000000000002,0.9,0.0029293797545922443
3670,367.0,1.015625,1.0,1.0,0.5,0.9,1.0,0.015625,1.122570039443451,1.0000000000000002,0.9,0.0029293797545922443
3680,368.0,1.015625,1.0,1.0,0.5,0.9,1.0,0.015625,1.122570039443451,1.0000000000000002,0.9,0.0029293797545922443
3690,369.0,1.015625,1.0,1.0,0.5,0.9,1.0,0.015625,1.122570039443451,1.0000000000000002,0.9,0.0029293797545922443
3700,370.0,1.015625,1.0,1.0,0.5,0.9,1.0,0.015625,1.122570039443451,1.0000000000000002,0.9,0.0029293797545922443
3710,371.0,1.015625,1.0,1.0,0.5,0.9,1.0,0.015625,1.1561389704486733,1.0000000000000002,0.9,0.0029293797545922443
3720,372.0,1.015625,1.0,1.0,0.5,0.9,1.0,0.015625,1.1506996875164694,1.0000000000000002,0.9,0.0029293797545922443
3730,373.0,1.015625,1.0,1.0,0.5,0.9,1.0,0.015625,1.135315072131854,1.0000000000000002,0.9,0.0029293797545922443
3740,374.0,1.015625,1.0,1.0,0.5,0.9,1.0,0.015625,1.135315072131854,1.0000000000000002,0.9,0.0029293797545922443
3750,375.0,1.015625,1.0,1.0,0.5,0.9,1.0,0.015625,1.135315072131854,1.0000000000000002,0.9,0.0029293797545922443
3760,376.0,1.015625,1.0,1.0,0.5,0.9,1.0,0.015625,1.135315072131854,1.0000000000000002,0.9,0.0029293797545922443
3770,377.0,1.015625,1.0,1.0,0.5,0.9,1.0,0.015625,1.1199304567472386,1.0000000000000002,0.9,0.0029293797545922443
3780,378.0,1.015625,1.0,1.0,0.5,0.9,1.0,0.015625,1.1199304567472386,1.0000000000000002,0.9,0.0029293797545922443
3790,379.0,1.015625,1.0,1.0,0.5,0.9,1.0,0.015625,1.1506996875164694,1.0000000000000002,0.9,0.0029293797545922443
3800,380.0,1.015625,1.0,1.0,0.5,0.9,1.0,0.015625,1.1506996875164694,1.0000000000000002,0.9,0.0029293797545922443
3810,381.0,1.015625,1.0,1.0,0.5,0.9,1.0,0.015625,1.1506996875164694,1.0000000000000002,0.9,0.0029293797545922443
3820,382.0,1.015625,1.0,1.0,0.5,0.9,1.0,0.015625,1.1814689182857,1.2102241038134287,0.9,0.0035452059882306
3830,383.0,1.015625,1.0,1.0,0.5,0.9,1.0,0.015625,1.25201793515893,1.1334963596997492,0.9,0.003320441288008453
3840,384.0,1.015625,1.0,1.0,0.5,0.9,1.0,0.015625,1.163451343466455,1.0000000000000002,0.9,0.0029293797545922443
3850,385.0,1.015625,1.0,1.0,0.5,0.9,1.0,0.015625,1.163451343466455,1.0000000000000002,0.9,0.0029293797545922443
3860,386.0,1.015625,1.0,1.0,0.5,0.9,1.0,0.015625,1.1480667280818395,1.0000000000000002,0.9,0.0029293797545922443
3870,387.0,1.015625,1.0,1.0,0.5,0.9,1.0,0.015625,1.1480667280818395,1.0000000000000002,0.9,0.0029293797545922443
3880,388.0,1.015625,1.0,1.0,0.5,0.9,1.0,0.015625,1.1480667280818395,1.0000000000000002,0.9,0.0029293797545922443
3890,389.0,1.015625,1.0,1.0,0.5,0.9,1.0,0.015625,1.1460129379326125,1.0000000000000002,0.9,0.0029293797545922443
3900,390.0,1.015625,1.0,1.0,0.5,0.9,1.0,0.015625,1.1460129379326125,1.0000000000000002,0.9,0.0029293797545922443
3910,391.0,1.015625,1.0,1.0,0.5,0.9,1.0,0.015625,1.179581868937835,1.0000000000000002,0.9,0.0029293797545922443
3920,392.0,1.015625,1.0,1.0,0.5,0.9,1.0,0.015625,1.1641972535532195,1.0000000000000002,0.9,0.0029293797545922443
3930,393.0,1.015625,1.0,1.0,0.5,0.9,1.0,0.015625,1.1949664843224503,1.0000000000000002,0.9,0.0029293797545922443
3940,394.0,1.015625,1.0,1.0,0.5,0.9,1.0,0.015625,1.1949664843224503,1.0000000000000002,0.9,0.0029293797545922443
3950,395.0,1.015625,1.0,1.0,0.5,0.9,1.0,0.015625,1.1949664843224503,1.0000000000000002,0.9,0.0029293797545922443
3960,396.0,1.015625,1.0,1.0,0.5,0.9,1.0,0.015625,1.179581868937835,1.0000000000000002,0.9,0.0029293797545922443
3970,397.0,1.015625,1.0,1.0,0.5,0.9,1.0,0.015625,1.179581868937835,1.0000000000000002,0.9,0.0029293797545922443
3980,398.0,1.015625,1.0,1.0,0.5,0.9,1.0,0.015625,1.1360676054802012,1.0000000000000002,0.9,0.0029293797545922443
3990,399.0,1.015625,1.0,1.0,0.5,0.9,1.0,0.015625,1.1360676054802012,1.0000000000000002,0.9,0.0029293797545922443
4000,400.0,1.015625,1.0,1.0,0.5,0.9,1.0,0.015625,1.1360676054802012,1.0000000000000002,0.9,0.0029293797545922443
4010,401.0,1.015625,1.0,1.0,0.5,0.9,1.0,0.015625,1.1646248550392888,1.0000000000000002,0.9,0.0029293797545922443
4020,402.0,1.015625,1.0,1.0,0.5,0.9,1.0,0.015625,1.1646248550392888,1.0000000000000002,0.9,0.0029293797545922443
4030,403.0,1.015625,1.0,1.0,0.5,0.9,1.0,0.015625,1.1953940858085197,1.0000000000000002,0.9,0.0029293797545922443
4040,404.0,1.015625,1.0,1.0,0.5,0.9,1.0,0.015625,1.1711670807499606,1.0000000000000002,0.9,0.0029293797545922443
4050,405.0,1.015625,1.0,1.0,0.5,0.9,1.0,0.015625,1.0866926043558096,1.0000000000000002,0.9,0.0029293797545922443
4060,406.0,1.015625,1.0,1.0,0.5,0.9,1.0,0.015625,1.1174618351250403,2.0,0.9,0.005858759509184488
4070,407.0,1.015625,1.0,1.0,0.5,0.9,1.0,0.015625,1.102077219740425,1.6350192831276174,0.9,0.004789592386361966
4080,408.0,1.015625,1.0,1.0,0.5,0.9,1.0,0.015625,1.102077219740425,1.6350192831276174,0.9,0.004789592386361966
4090,409.0,1.015625,1.0,1.0,0.5,0.9,1.0,0.015625,1.102077219740425,1.6350192831276174,0.9,0.004789592386361966
4100,410.0,1.015625,1.0,1.0,0.5,0.9,1.0,0.015625,1.102077219740425,1.6350192831276174,0.9,0.004789592386361966
4110,411.0,1.015625,1.0,1.0,0.5,0.9,1.0,0.015625,1.102077219740425,1.6350192831276174,0.9,0.004789592386361966
4120,412.0,1.015625,1.0,1.0,0.5,0.9,1.0,0.015625,1.102077219740425,1.6350192831276174,0.9,0.004789592386361966
4130,413.0,1.015625,1.0,1.0,0.5,0.9,1.0,0.015625,1.102077219740425,1.6350192831276174,0.9,0.004789592386361966
4140,414.0,1.015625,1.0,1.0,0.5,0.9,1.0,0.015625,1.1356461507456475,1.6350192831276174,0.9,0.004789592386361966
4150,415.0,1.015625,1.0,1.0,0.5,0.9,1.0,0.015625,1.0767472719033984,1.0000000000000002,0.9,0.0029293797545922443
4160,416.0,1.015625,1.0,1.0,0.5,0.9,1.0,0.015625,1.1103162029086207,1.3535533905932735,0.9,0.0039650718991636235
4170,417.0,1.015625,1.0,1.0,0.5,0.9,1.0,0.015625,1.1103162029086207,1.3535533905932735,0.9,0.0039650718991636235
4180,418.0,1.015625,1.0,1.0,0.5,0.9,1.0,0.015625,1.172442383472931,1.6350192831276167,0.9,0.004789592386361965
4190,419.0,1.015625,1.0,1.0,0.5,0.9,1.0,0.015625,1.172442383472931,1.6350192831276167,0.9,0.004789592386361965
4200,420.0,1.015625,1.0,1.0,0.5,0.9,1.0,0.015625,1.16124867442969,1.3535533905932737,0.9,0.0039650718991636235
4210,421.0,1.015625,1.0,1.0,0.5,0.9,1.0,0.015625,1.0742201475144226,1.0000000000000002,0.9,0.0029293797545922443
4220,422.0,1.015625,1.0,1.0,0.5,0.9,1.0,0.015625,1.10397340814972,1.3535533905932735,0.9,0.0039650718991636235
4230,423.0,1.015625,1.0,1.0,0.5,0.9,1.0,0.015625,1.114062209814777,1.3535533905932735,0.9,0.0039650718991636235
4240,424.0,1.015625,1.0,1.0,0.5,0.9,1.0,0.015625,1.106703489026279,1.0000000000000002,0.9,0.0029293797545922443
4250,425.0,1.015625,1.0,1.0,0.5,0.9,1.0,0.015625,1.106703489026279,1.0000000000000002,0.9,0.0029293797545922443
4260,426.0,1.015625,1.0,1.0,0.5,0.9,1.0,0.015625,1.0745394217467474,1.0000000000000002,0.9,0.0029293797545922443
4270,427.0,1.015625,1.0,1.0,0.5,0.9,1.0,0.015625,1.1316539208649226,1.3599735202148868,0.9,0.003983878896899035
4280,428.0,1.015625,1.0,1.0,0.5,0.9,1.0,0.015625,1.0867003906538395,1.0000000000000002,0.9,0.0029293797545922443
4290,429.0,1.015625,1.0,1.0,0.5,0.9,1.0,0.015625,1.0908912969952143,1.0000000000000002,0.9,0.0029293797545922443
4300,430.0,1.015625,1.0,1.0,0.5,0.9,1.0,0.015625,1.1009800986602718,1.0000000000000002,0.9,0.0029293797545922443
4310,431.0,1.015625,1.0,1.0,0.5,0.9,1.0,0.015625,1.1317493294295027,1.3599735202148873,0.9,0.0039838788968990365
4320,432.0,1.015625,1.0,1.0,0.5,0.9,1.0,0.015625,1.1831570105936884,1.1361790041793778,0.9,0.0033282997724358456
4330,433.0,1.015625,1.0,1.0,0.5,0.9,1.0,0.015625,1.216725941598911,1.2159761686316404,0.9,0.0035620559704561718
4340,434.0,1.015625,1.0,1.0,0.5,0.9,1.0,0.015625,1.2134032313122702,1.1361790041793778,0.9,0.0033282997724358456
4350,435.0,1.015625,1.0,1.0,0.5,0.9,1.0,0.015625,1.4052487637695847,1.0502533746426999,0.9,0.003076590972870508
4360,436.0,1.015625,1.0,1.0,0.5,0.9,1.0,0.015625,1.4020214620475238,1.0502533746426999,0.9,0.003076590972870508
4370,437.0,1.015625,1.0,1.0,0.5,0.9,1.0,0.015625,1.3965821791153197,1.0000000000000002,0.9,0.0029293797545922443
4380,438.0,1.015625,1.0,1.0,0.5,0.9,1.0,0.015625,1.468311622821068,1.0000000000000002,0.9,0.0029293797545922443
4390,439.0,1.015625,1.0,1.0,0.5,0.9,1.0,0.015625,1.468311622821068,1.0000000000000002,0.9,0.0029293797545922443
4400,440.0,1.015625,1.0,1.0,0.5,0.9,1.0,0.015625,1.468311622821068,1.0000000000000002,0.9,0.0029293797545922443
4410,441.0,1.015625,1.0,1.0,0.5,0.9,1.0,0.015625,2.511834326947221,1.0000000000000002,0.9,0.0029293797545922443
4420,442.0,1.015625,1.0,1.0,0.5,0.9,1.0,0.015625,2.511834326947221,1.0000000000000002,0.9,0.0029293797545922443
4430,443.0,1.015625,1.0,1.0,0.5,0.9,1.0,0.015625,2.3812060043992243,1.0000000000000002,0.9,0.0029293797545922443
4440,444.0,1.015625,1.0,1.0,0.5,0.9,1.0,0.015625,1.0461538461538462,1.0000000000000002,0.9,0.0029293797545922443
4450,445.0,1.015625,1.0,1.0,0.5,0.9,1.0,0.015625,1.0615384615384615,1.0000000000000002,0.9,0.0029293797545922443
4460,446.0,1.015625,1.0,1.0,0.5,0.9,1.0,0.015625,1.0615384615384615,1.0000000000000002,0.9,0.0029293797545922443
4470,447.0,1.015625,1.0,1.0,0.5,0.9,1.0,0.015625,1.0615384615384615,1.0000000000000002,0.9,0.0029293797545922443
4480,448.0,1.015625,1.0,1.0,0.5,0.9,1.0,0.015625,1.0923076923076922,1.0000000000000002,0.9,0.0029293797545922443
4490,449.0,1.015625,1.0,1.0,0.5,0.9,1.0,0.015625,1.123076923076923,2.0,0.9,0.005858759509184488
4500,450.0,1.015625,1.0,1.0,0.5,0.9,1.0,0.015625,1.1076923076923078,2.0,0.9,0.005858759509184488
4510,451.0,1.015625,1.0,1.0,0.5,0.9,1.0,0.015625,1.0769230769230769,1.0000000000000002,0.9,0.0029293797545922443
4520,452.0,1.015625,1.0,1.0,0.5,0.9,1.0,0.015625,1.0769230769230769,1.0000000000000002,0.9,0.0029293797545922443
4530,453.0,1.015625,1.0,1.0,0.5,0.9,1.0,0.015625,1.1076923076923078,2.0,0.9,0.005858759509184488
4540,454.0,1.015625,1.0,1.0,0.5,0.9,1.0,0.015625,1.1258766233129147,1.3535533905932737,0.9,0.0039650718991636235
4550,455.0,1.015625,1.0,1.0,0.5,0.9,1.0,0.015625,1.1386216560013176,1.0000000000000002,0.9,0.0029293797545922443
4560,456.0,1.015625,1.0,1.0,0.5,0.9,1.0,0.015625,1.1386216560013176,1.0000000000000002,0.9,0.0029293797545922443
4570,457.0,1.015625,1.0,1.0,0.5,0.9,1.0,0.015625,1.1386216560013176,1.0000000000000002,0.9,0.0029293797545922443
4580,458.0,1.015625,1.0,1.0,0.5,0.9,1.0,0.015625,1.0797227771590687,1.0000000000000002,0.9,0.0029293797545922443
4590,459.0,1.015625,1.0,1.0,0.5,0.9,1.0,0.015625,1.0797227771590687,1.0000000000000002,0.9,0.0029293797545922443
4600,460.0,1.015625,1.0,1.0,0.5,0.9,1.0,0.015625,1.1535060110140436,1.0000000000000002,0.9,0.0029293797545922443
4610,461.0,1.015625,1.0,1.0,0.5,0.9,1.0,0.015625,1.1800094704239044,1.0000000000000002,0.9,0.0029293797545922443
4620,462.0,1.015625,1.0,1.0,0.5,0.9,1.0,0.015625,1.1800094704239044,1.0000000000000002,0.9,0.0029293797545922443
4630,463.0,1.015625,1.0,1.0,0.5,0.9,1.0,0.015625,1.1711670807499606,1.0000000000000002,0.9,0.0029293797545922443
4640,464.0,1.015625,1.0,1.0,0.5,0.9,1.0,0.015625,1.2009203413852574,1.0000000000000002,0.9,0.0029293797545922443
4650,465.0,1.015625,1.0,1.0,0.5,0.9,1.0,0.015625,1.2009203413852574,1.0000000000000002,0.9,0.0029293797545922443
4660,466.0,1.015625,1.0,1.0,0.5,0.9,1.0,0.015625,1.1781770052121439,1.0000000000000002,0.9,0.0029293797545922443
4670,467.0,1.015625,1.0,1.0,0.5,0.9,1.0,0.015625,1.2324363292966964,1.0000000000000002,0.9,0.0029293797545922443
4680,468.0,1.015625,1.0,1.0,0.5,0.9,1.0,0.015625,1.2324363292966964,1.0000000000000002,0.9,0.0029293797545922443
4690,469.0,1.015625,1.0,1.0,0.5,0.9,1.0,0.015625,1.2324363292966964,1.0000000000000002,0.9,0.0029293797545922443
4700,470.0,1.015625,1.0,1.0,0.5,0.9,1.0,0.015625,1.229604879443337,1.0000000000000002,0.9,0.0029293797545922443
4710,471.0,1.015625,1.0,1.0,0.5,0.9,1.0,0.015625,1.229604879443337,1.0000000000000002,0.9,0.0029293797545922443
4720,472.0,1.015625,1.0,1.0,0.5,0.9,1.0,0.015625,1.2631738104485595,1.0000000000000002,0.9,0.0029293797545922443
4730,473.0,1.015625,1.0,1.0,0.5,0.9,1.0,0.015625,1.288503758285586,1.0000000000000002,0.9,0.0029293797545922443
4740,474.0,1.015625,1.0,1.0,0.5,0.9,1.0,0.015625,1.288503758285586,1.0000000000000002,0.9,0.0029293797545922443
4750,475.0,1.015625,1.0,1.0,0.5,0.9,1.0,0.015625,1.3622869921405611,1.1334963596997494,0.9,0.0033204412880084534
4760,476.0,1.015625,1.0,1.0,0.5,0.9,1.0,0.015625,1.530684937155529,1.1334963596997494,0.9,0.0033204412880084534
4770,477.0,1.015625,1.0,1.0,0.5,0.9,1.0,0.015625,1.5153003217709136,1.0612817913996113,0.9,0.00310889739364341
4780,478.0,1.015625,1.0,1.0,0.5,0.9,1.0,0.015625,1.2642532320359845,1.0000000000000002,0.9,0.0029293797545922443
4790,479.0,1.015625,1.0,1.0,0.5,0.9,1.0,0.015625,1.2612566450959943,1.0000000000000002,0.9,0.0029293797545922443
4800,480.0,1.015625,1.0,1.0,0.5,0.9,1.0,0.015625,1.2612566450959943,1.0000000000000002,0.9,0.0029293797545922443
4810,481.0,1.015625,1.0,1.0,0.5,0.9,1.0,0.015625,1.2612566450959943,1.0000000000000002,0.9,0.0029293797545922443
4820,482.0,1.015625,1.0,1.0,0.5,0.9,1.0,0.015625,1.245872029711379,1.0000000000000002,0.9,0.0029293797545922443
4830,483.0,1.015625,1.0,1.0,0.5,0.9,1.0,0.015625,1.245872029711379,1.0000000000000002,0.9,0.0029293797545922443
4840,484.0,1.015625,1.0,1.0,0.5,0.9,1.0,0.015625,1.1613975533172278,1.0000000000000002,0.9,0.0029293797545922443
4850,485.0,1.015625,1.0,1.0,0.5,0.9,1.0,0.015625,1.1460129379326125,1.0000000000000002,0.9,0.0029293797545922443
4860,486.0,1.015625,1.0,1.0,0.5,0.9,1.0,0.015625,1.1460129379326125,1.0000000000000002,0.9,0.0029293797545922443
4870,487.0,1.015625,1.0,1.0,0.5,0.9,1.0,0.015625,1.1767821687018432,1.0000000000000002,0.9,0.0029293797545922443
4880,488.0,1.015625,1.0,1.0,0.5,0.9,1.0,0.015625,1.4581833822542325,1.0404179181561077,0.9,0.003047779185761512
4890,489.0,1.015625,1.0,1.0,0.5,0.9,1.0,0.015625,1.4427987668696172,1.0000000000000002,0.9,0.0029293797545922443
4900,490.0,1.015625,1.0,1.0,0.5,0.9,1.0,0.015625,1.4274141514850018,1.0000000000000002,0.9,0.0029293797545922443
4910,491.0,1.015625,1.0,1.0,0.5,0.9,1.0,0.015625,1.4274141514850018,1.0000000000000002,0.9,0.0029293797545922443
4920,492.0,1.015625,1.0,1.0,0.5,0.9,1.0,0.015625,1.4274141514850018,1.0000000000000002,0.9,0.0029293797545922443
4930,493.0,1.015625,1.0,1.0,0.5,0.9,1.0,0.015625,1.4274141514850018,1.0000000000000002,0.9,0.0029293797545922443
4940,494.0,1.015625,1.0,1.0,0.5,0.9,1.0,0.015625,1.4274141514850018,1.0000000000000002,0.9,0.0029293797545922443
4950,495.0,1.0,1.0,1.0,0.5,0.9,1.0,0.015625,1.0470019640993442,1.0000000000000002,0.9,0.0029293797545922443
4960,496.0,1.0,1.0,1.0,0.5,0.9,1.0,0.015625,1.0313769640993442,1.0000000000000002,0.9,0.0029293797545922443
4970,497.0,1.0,1.0,1.0,0.5,0.9,1.0,0.015625,1.0626269640993442,1.0000000000000002,0.9,0.0029293797545922443
4980,498.0,1.0,1.0,1.0,0.5,0.9,1.0,0.015625,1.0626269640993442,1.0000000000000002,0.9,0.0029293797545922443
4990,499.0,1.0,1.0,1.0,0.5,0.9,1.0,0.015625,1.0470019640993442,1.0000000000000002,0.9,0.0029293797545922443
5000,500.0,1.0,1.0,1.0,0.5,0.9,1.0,0.015625,1.0470019640993442,1.0000000000000002,0.9,0.0029293797545922443
